filepath,xmin,xmax,ymin,ymax
D:/Devi/Singularis Software Technologies/numberplate_detection/annot\0073797c-a755-4972-b76b-8ef2b31d44ab___new_IMG_20160315_071740.jpg.xml,140,339,210,260
D:/Devi/Singularis Software Technologies/numberplate_detection/annot\00b42b2c-f193-4863-b92c-0245cbc816da___3e7fd381-0ae5-4421-8a70-279ee0ec1c61_Nissan-Terrano-Petrol-Review-Images-Black-Front-Angle.xml,184,292,572,648
D:/Devi/Singularis Software Technologies/numberplate_detection/annot\018b52e6-e9a1-42c2-8ce7-0617e8c8e021___3e7fd381-0ae5-4421-8a70-279ee0ec1c61_sbtb02_auto1.xml,327,399,202,227
D:/Devi/Singularis Software Technologies/numberplate_detection/annot\03273806-bb1e-48da-8c8b-a0133a90197a___2014-Skoda-Yeti-Test-Drive.jpg.xml,185,374,290,339
D:/Devi/Singularis Software Technologies/numberplate_detection/annot\0369b20e-b432-4409-90f9-2420877aa386___8151536c79159a1557421da5f27f9f0e.jpg.xml,335,453,313,347
D:/Devi/Singularis Software Technologies/numberplate_detection/annot\07064c2c-2aa3-4419-91a4-92916de8e54c___mahindra-scorpio-old-car-500x500.jpg.xml,205,335,290,353
D:/Devi/Singularis Software Technologies/numberplate_detection/annot\074d85b8-42ec-4d17-9b8e-9e51ae060243___hqdefault.jpg.xml,142,316,148,230
D:/Devi/Singularis Software Technologies/numberplate_detection/annot\07aaab79-71ee-4ea3-a9e6-640191183947___3e7fd381-0ae5-4421-8a70-279ee0ec1c61_1208484d1392541449-nissan-terrano-official-review-img_20140215_181708.xml,1301,1814,1715,1876
D:/Devi/Singularis Software Technologies/numberplate_detection/annot\07bd977e-d578-49a2-b345-7cee5a4db6bf___new_1031520d1356604430-skoda-rapid-joins-family-edit-sold-wp_000281.jpg.xml,158,365,204,254
D:/Devi/Singularis Software Technologies/numberplate_detection/annot\07e787a7-6cc3-482c-9ce5-f0ce115b47f1___new_VW-Polo-GT-TSI-badges-on-the-boot-lid.jpg.xml,28,342,29,106
D:/Devi/Singularis Software Technologies/numberplate_detection/annot\07f6d77a-652e-4885-8520-6d405d2f712f___3e7fd381-0ae5-4421-8a70-279ee0ec1c61_840539077_1_1080x720_nissan-terrano-xl-d-thp-110-ps-2016-diesel-.xml,398,617,427,487
D:/Devi/Singularis Software Technologies/numberplate_detection/annot\0850c175-0b8d-47f2-801c-e29f1dbdb367___3e7fd381-0ae5-4421-8a70-279ee0ec1c61_571.xml,374,596,275,382
D:/Devi/Singularis Software Technologies/numberplate_detection/annot\092c497e-623d-499d-822a-4b01c657389b___3e7fd381-0ae5-4421-8a70-279ee0ec1c61_nissan-terrano-rear-left-rim.xml,111,172,164,183
D:/Devi/Singularis Software Technologies/numberplate_detection/annot\0a0d1748-48cd-4114-90cb-b5baf0b3cbe4___3e7fd381-0ae5-4421-8a70-279ee0ec1c61_147274518_15141875973_large.xml,189,329,321,353
D:/Devi/Singularis Software Technologies/numberplate_detection/annot\0a720df9-e4ef-4e44-8c13-b39b9be8444d___3e7fd381-0ae5-4421-8a70-279ee0ec1c61_Nissan-Terrano-6.xml,101,242,323,374
D:/Devi/Singularis Software Technologies/numberplate_detection/annot\0b24d6ed-d32f-420d-bc18-03deece29073___2015-Maruti-Ciaz-Test-Drive-Review.jpg.xml,384,489,213,247
D:/Devi/Singularis Software Technologies/numberplate_detection/annot\0b77e2a4-34db-486c-8d87-46186f5b7b88___3e7fd381-0ae5-4421-8a70-279ee0ec1c61_nissan-terrano-diesel-review-motorzest-04.xml,421,500,308,338
D:/Devi/Singularis Software Technologies/numberplate_detection/annot\0c9ebe94-827d-4c74-9950-6816e70d1bab___IMG_8883.jpg.xml,185,324,114,148
D:/Devi/Singularis Software Technologies/numberplate_detection/annot\10c96324-3452-43e2-aa68-c8ae7d3c1b6e___844874771_1_1080x720_maruti-suzuki-wagon-r-vxi-bs-iii-2014-petrol-.jpg.xml,138,348,249,301
D:/Devi/Singularis Software Technologies/numberplate_detection/annot\11186c4c-5f17-49b1-af37-a138a1e53794___12837944763_e7c6c6381a_z.jpg.xml,221,432,190,233
D:/Devi/Singularis Software Technologies/numberplate_detection/annot\11832b13-d514-4f1d-967c-d00e76d21e9b___Yellow-Number-Plate-With-Black-Lettering.jpg.xml,121,244,163,202
D:/Devi/Singularis Software Technologies/numberplate_detection/annot\125b5cda-9691-47aa-8e57-f6d8a8537d83___fancy_number_plates_in_india.jpg.xml,52,401,87,175
D:/Devi/Singularis Software Technologies/numberplate_detection/annot\12e26859-89e0-4c9b-9c59-ee793337464f___20.jpg.xml,155,286,194,232
D:/Devi/Singularis Software Technologies/numberplate_detection/annot\13ffaad4-a186-46bd-ae5d-924d1c8d7c50___maruti-suzuki-Baleno-RS-pics-48.jpg.xml,646,734,329,389
D:/Devi/Singularis Software Technologies/numberplate_detection/annot\1438b735-2d21-4879-8ed4-e5fa086e70c8___Maruti-Suzuki-Swift-Dzire-1.jpg.xml,189,333,266,303
D:/Devi/Singularis Software Technologies/numberplate_detection/annot\15e7c19f-da3c-4f0d-91f3-552afabc8961___41FxrEl7jHL.jpg.xml,145,368,99,154
D:/Devi/Singularis Software Technologies/numberplate_detection/annot\165eaa92-8e90-44e6-b132-8af462bae0c9___scorpio-rear.JPG.xml,42,106,129,158
D:/Devi/Singularis Software Technologies/numberplate_detection/annot\175ff546-0679-4cbb-ab03-acfcd96877b7___Maruti_Wagon_R_Rear.jpg.xml,192,362,278,325
D:/Devi/Singularis Software Technologies/numberplate_detection/annot\18d2b870-7817-46da-a59a-6406c1b472c9___1033.xml,113,255,283,323
D:/Devi/Singularis Software Technologies/numberplate_detection/annot\18f2e55e-0724-4eee-a28e-5d552a5aa045___20455d0e2dca458f13fbf4da5a2dc118.jpg - Copy.xml,152,285,165,242
D:/Devi/Singularis Software Technologies/numberplate_detection/annot\18f2e55e-0724-4eee-a28e-5d552a5aa045___20455d0e2dca458f13fbf4da5a2dc118.jpg.xml,115,286,158,249
D:/Devi/Singularis Software Technologies/numberplate_detection/annot\1a0da3dc-6667-4092-bc2a-a541a06f1e90___3e7fd381-0ae5-4421-8a70-279ee0ec1c61_Nissan-Terrano9.xml,198,369,373,416
D:/Devi/Singularis Software Technologies/numberplate_detection/annot\1e7151e6-8626-4fb2-b7e8-0fb6a8fde713___3e7fd381-0ae5-4421-8a70-279ee0ec1c61_a19be5870f8f2593c994c465a691477e_555X416_1.xml,233,322,225,258
D:/Devi/Singularis Software Technologies/numberplate_detection/annot\1f0a7fe8-ac9b-4b54-9d55-e11f34f9f98b___9f6521b2ddb7b8e40ffd510966ffcca3.jpg.xml,314,377,108,144
D:/Devi/Singularis Software Technologies/numberplate_detection/annot\206c95ff-83b8-4273-b105-6637bf9a3038___numerix-number-plates-thodupuzha-idukki-number-plate-dealers-1lhwiga.jpg.xml,624,1715,537,1008
D:/Devi/Singularis Software Technologies/numberplate_detection/annot\20dd73fd-9e05-4bdc-b380-d8148b194ae7___Maruti-Swift-Number-Plates-Design.jpg.xml,333,856,215,411
D:/Devi/Singularis Software Technologies/numberplate_detection/annot\2153dfcb-5968-4bfc-86ba-7ee8ec2d25b1___163231d1425035435-skoda-rapid-tdi-remapped-code-6-tuning-ind-front.jpg.xml,61,238,360,408
D:/Devi/Singularis Software Technologies/numberplate_detection/annot\21cc678a-b9c5-4bbb-ace0-9e096e799632___unnamed-300x225.jpg - Copy.xml,24,58,97,120
D:/Devi/Singularis Software Technologies/numberplate_detection/annot\21cc678a-b9c5-4bbb-ace0-9e096e799632___unnamed-300x225.jpg.xml,82,146,181,224
D:/Devi/Singularis Software Technologies/numberplate_detection/annot\22dc6b5f-ff5d-4bb4-beb2-0f5fd9e75787___i10_Latest_Acrylic_Number_Plate.jpg.xml,144,342,166,212
D:/Devi/Singularis Software Technologies/numberplate_detection/annot\2302b12c-3d74-4d6c-b376-ba8ab308a8c3___big_215451_1320738450.jpg.xml,129,206,131,156
D:/Devi/Singularis Software Technologies/numberplate_detection/annot\23d775eb-842f-4f57-ad7a-affafa21660a___215453-new-2016-maruti-ertiga-granite-grey-zdi-shvs-highway-champion-img_8168.jpg.xml,98,297,267,365
D:/Devi/Singularis Software Technologies/numberplate_detection/annot\2424211e-e6ba-4478-8ed1-6a04e25499c7___main-qimg-7673aeac86d0ef987deb837552c5dd4c-1.xml,141,305,282,325
D:/Devi/Singularis Software Technologies/numberplate_detection/annot\2430703d-0fb3-4eb2-9765-4f9301f232cd___3e7fd381-0ae5-4421-8a70-279ee0ec1c61_Terrano-Duster-Rear-Comparison - Copy.xml,450,692,272,327
D:/Devi/Singularis Software Technologies/numberplate_detection/annot\2430703d-0fb3-4eb2-9765-4f9301f232cd___3e7fd381-0ae5-4421-8a70-279ee0ec1c61_Terrano-Duster-Rear-Comparison.xml,595,808,264,317
D:/Devi/Singularis Software Technologies/numberplate_detection/annot\254b647f-4cb3-46c3-a206-4e70041f4c78___speedex-number-plates-nandanam-chennai-car-number-plate-dealers-33nu2i6.jpg.xml,119,219,84,109
D:/Devi/Singularis Software Technologies/numberplate_detection/annot\266d82c7-1b64-44cd-b77c-c08d98175390___3e7fd381-0ae5-4421-8a70-279ee0ec1c61_5c752daa8d168dec865fe0462bf2c0bb_large.xml,165,287,360,387
D:/Devi/Singularis Software Technologies/numberplate_detection/annot\26cfb3dd-3731-4fd0-a6c2-c44e3ce7498a___used_cars_in_keralaused_bikes_in_keralaautomotive_news7.jpg.xml,166,325,277,328
D:/Devi/Singularis Software Technologies/numberplate_detection/annot\26d2b905-4055-41fe-a933-47db0e8a0a7f___37cba8c3f681f0cb5694f16a4c54aa7b.jpg.xml,44,109,207,259
D:/Devi/Singularis Software Technologies/numberplate_detection/annot\27a88c24-0bf2-48b0-98a8-fa396e951045___3e7fd381-0ae5-4421-8a70-279ee0ec1c61_7T4G0491-e1376988169395-1024x577.xml,591,695,292,340
D:/Devi/Singularis Software Technologies/numberplate_detection/annot\27bfd7b7-6e0c-454c-b9f3-7a44d36edb9c___3e7fd381-0ae5-4421-8a70-279ee0ec1c61_nissan-terrano-rear-right-side-angle-view.xml,91,229,327,401
D:/Devi/Singularis Software Technologies/numberplate_detection/annot\28574c06-ac11-422e-864f-a51b726bb9ba___3e7fd381-0ae5-4421-8a70-279ee0ec1c61_hqdefault0.xml,122,210,205,229
D:/Devi/Singularis Software Technologies/numberplate_detection/annot\28fc10e3-681b-4086-9c15-28934ae86f7e___3e7fd381-0ae5-4421-8a70-279ee0ec1c61_nissan-terrano-amt_827x510_71478504527.xml,116,182,282,320
D:/Devi/Singularis Software Technologies/numberplate_detection/annot\2adfb5e7-e70a-4749-b5fa-8c233c0d47d9___new_1572920d1478091901-your-favourite-number-plate-font-jetta-german-font.jpg.xml,155,372,92,147
D:/Devi/Singularis Software Technologies/numberplate_detection/annot\2c9306ab-3454-4ca0-89fd-db3f51dabcef___3e7fd381-0ae5-4421-8a70-279ee0ec1c61_Nissan-Terrano-front-three-quarters-on-plain-ground.xml,141,349,512,611
D:/Devi/Singularis Software Technologies/numberplate_detection/annot\2e23964b-ce59-4bcf-8c35-98f3a096a748___design-ind-number-plates-vijayanagar-bangalore-number-plate-dealers-2etqybj.jpg.xml,1,702,46,401
D:/Devi/Singularis Software Technologies/numberplate_detection/annot\2fbe224b-e775-4c74-b975-fd66d2397ef6___3e7fd381-0ae5-4421-8a70-279ee0ec1c61_Nissan-Terrano.xml,710,774,345,374
D:/Devi/Singularis Software Technologies/numberplate_detection/annot\304b14b8-dc3c-41cb-94b6-635864e2e964___number-plate-protector-car-safeplate-250x250.jpg.xml,10,244,87,176
D:/Devi/Singularis Software Technologies/numberplate_detection/annot\31847e78-6696-4dc2-be08-cb37d512c576___2010_Maruti_WagonR_Review.jpg.xml,29,161,265,325
D:/Devi/Singularis Software Technologies/numberplate_detection/annot\319f51dc-9db2-4977-a43d-09561cdd54ab___1415806d1442489743t-raging-red-rover-r3-my-mahindra-scorpio-s10-4x4-nudge-guard.jpg.xml,271,502,1,59
D:/Devi/Singularis Software Technologies/numberplate_detection/annot\346a6946-ae0a-4b3f-b094-d971124b2064___banner_3.xml,326,574,186,231
D:/Devi/Singularis Software Technologies/numberplate_detection/annot\347c849b-6cfa-4edb-af1f-b29bdad25c4d___new_New-Volkswagen-Polo.jpg.xml,20,136,128,158
D:/Devi/Singularis Software Technologies/numberplate_detection/annot\3515f71d-cdd6-4050-ae68-7b7afd4c0a11___8.xml,79,332,155,243
D:/Devi/Singularis Software Technologies/numberplate_detection/annot\351a22eb-bf0a-44d6-8b6d-5ffca753c261___bike-number-plate-500x500.jpg.xml,111,258,113,188
D:/Devi/Singularis Software Technologies/numberplate_detection/annot\369ccb4b-88fe-4e97-91c1-3838da2b7563___3e7fd381-0ae5-4421-8a70-279ee0ec1c61_Honda-Jazz-Number-Plates-Designs.xml,181,430,126,249
D:/Devi/Singularis Software Technologies/numberplate_detection/annot\377b225b-e978-4e7c-8e5e-f10d8effc336___Maruti-Suzuki-Ignis-Rear-view-94486.jpg.xml,154,315,230,277
D:/Devi/Singularis Software Technologies/numberplate_detection/annot\38cee3dd-dead-4ba0-b350-0f82d94836da___3e7fd381-0ae5-4421-8a70-279ee0ec1c61_big_467860_1505633598.xml,310,409,340,365
D:/Devi/Singularis Software Technologies/numberplate_detection/annot\3bc3f147-2d6b-484a-8481-4a49fd8afe23___3e7fd381-0ae5-4421-8a70-279ee0ec1c61_844581764_1_1080x720_nissan-terrano-xv-d-thp-110-ps-2013-diesel-faridabad.xml,192,393,513,554
D:/Devi/Singularis Software Technologies/numberplate_detection/annot\3c0a3772-d18d-4ff7-861c-7e50b7974edb___1393874-take-look-number-plate-imageuploadedbyteambhp1437414250.447892.jpg.xml,155,338,195,249
D:/Devi/Singularis Software Technologies/numberplate_detection/annot\3d7cd880-ea4b-4d63-9706-bea1df54af20___135712d1400874352-skoda-rapid-1-6tdi-cr-mt-elegance-ultima-candy-white-white-monster-1911216_676392609084007_1524722860_o.jpg.xml,297,490,259,306
D:/Devi/Singularis Software Technologies/numberplate_detection/annot\3f677265-d5fa-439f-be23-feaacce22c49___3e7fd381-0ae5-4421-8a70-279ee0ec1c61_848126147_2_1080x720_nissan-terrano-xl-d-plus-2014-diesel-upload-photos.xml,135,263,235,269
D:/Devi/Singularis Software Technologies/numberplate_detection/annot\3fd93f90-f778-4f14-8b0f-67dd0be88a06___561644d1308248087-beware-fake-registration-numbers-imported-cars-proof-pg-3-257491_10150223034216705_685851704_7325894_6 - Copy.xml,141,269,249,283
D:/Devi/Singularis Software Technologies/numberplate_detection/annot\3febea0e-53c0-4b30-880c-3061458b93ce___Maruti-Vitara-Brezza-rear-end-full-review.jpg.xml,346,569,182,307
D:/Devi/Singularis Software Technologies/numberplate_detection/annot\40204d5c-c847-4437-90db-3e2d05a27761___33.jpg.xml,95,325,87,295
D:/Devi/Singularis Software Technologies/numberplate_detection/annot\41209caa-2aa2-4003-b057-e0508c1d5ac9___Volkswagen-Ameo-Exterior-68165.jpg.xml,201,273,202,227
D:/Devi/Singularis Software Technologies/numberplate_detection/annot\41de2ad0-3785-488e-9f1f-75b76f446cc7___Maruti-Alto-K10-Photos-2.jpg.xml,130,304,305,354
D:/Devi/Singularis Software Technologies/numberplate_detection/annot\422aaf6f-dd4a-450f-ac6b-65966ab512d0___1431956d1446017445-number-plates-merchandise-canvas-ink-gurgaon-edit-closed-thumb_img_4418_1024.jpg.xml,297,558,422,493
D:/Devi/Singularis Software Technologies/numberplate_detection/annot\4434b404-dd10-4150-b226-b76b6ef95e43___new_224489195_8_1000x700_skoda-superb-2010-.jpg.xml,140,306,157,208
D:/Devi/Singularis Software Technologies/numberplate_detection/annot\44ee098a-c33c-47a2-9dcb-717c02d5a240___3e7fd381-0ae5-4421-8a70-279ee0ec1c61_2013-Nissan-Terrano-Front.xml,267,500,511,574
D:/Devi/Singularis Software Technologies/numberplate_detection/annot\49bdf0d9-4e64-41eb-9c19-eabdc4afb051___Maruti-Suzuki-Ciaz-Photos-30.JPG.xml,198,355,135,177
D:/Devi/Singularis Software Technologies/numberplate_detection/annot\4b669e6d-4eec-4f46-b502-f64ee0175947___new_1.xml,138,436,54,163
D:/Devi/Singularis Software Technologies/numberplate_detection/annot\4be1ff39-b2ad-45e0-9c9a-0e7215cbb5b6___2.jpg.xml,1,300,81,160
D:/Devi/Singularis Software Technologies/numberplate_detection/annot\4eb236a3-6547-4103-b46f-3756d21128a9___06-Sanjay-Dutt.jpg.xml,85,256,387,449
D:/Devi/Singularis Software Technologies/numberplate_detection/annot\4ed4509a-18ed-44cd-bfe3-b1cce982e365___3e7fd381-0ae5-4421-8a70-279ee0ec1c61_Nissan-Terrano-3.xml,285,490,322,375
D:/Devi/Singularis Software Technologies/numberplate_detection/annot\4f86fbad-3a04-4c11-a8fa-e897727fc2c7___Number-plate-1.jpg.xml,314,569,313,400
D:/Devi/Singularis Software Technologies/numberplate_detection/annot\504e7c29-e1dc-48c9-ace6-738cf934e368___2017-skoda-octavia-rs-12.jpg.xml,292,424,184,235
D:/Devi/Singularis Software Technologies/numberplate_detection/annot\51d58875-0bdc-4488-84d9-8b7ad5883863___new_Maruti-Suzuki-Ignis-Rear-view-94486.jpg.xml,102,210,152,186
D:/Devi/Singularis Software Technologies/numberplate_detection/annot\5231116f-7a07-4ce2-b437-d34b497e7969___3e7fd381-0ae5-4421-8a70-279ee0ec1c61_844329566_3_1080x720_nissan-terrano-xe-d-2014-diesel-.xml,187,351,342,384
D:/Devi/Singularis Software Technologies/numberplate_detection/annot\52abe2c4-fde3-45b2-beec-f070e6ed98c7___Volkswagen-Vento-Rear-view-46765.jpg.xml,251,370,198,227
D:/Devi/Singularis Software Technologies/numberplate_detection/annot\52b45060-9645-47c7-882d-b69a5bf07eff___1006372d1351343820-my-new-maruti-swift-zxi-21102012241.jpg.xml,219,345,315,353
D:/Devi/Singularis Software Technologies/numberplate_detection/annot\5345a45f-8d1b-4984-b5ee-a69fc4cbda6a___new__bd7f7862-d727-11e7-ad30-e18a56154311.jpg.xml,362,434,174,196
D:/Devi/Singularis Software Technologies/numberplate_detection/annot\55aa4ee8-13fd-45bd-b83b-651ac665d71a___200560387_4_1000x700_2012-toyota-innova-diesel-130000-kms-cars.jpg.xml,156,324,240,280
D:/Devi/Singularis Software Technologies/numberplate_detection/annot\56b46df3-223c-42c8-a6bf-e95e5bac29cc___9214a754343030395508e104d7948167_large.jpg.xml,131,355,438,489
D:/Devi/Singularis Software Technologies/numberplate_detection/annot\5747d3e8-4dd0-435f-942d-34b84f03344c___Maruti-Suzuki-Swift-Number-Plates-Design.jpg.xml,142,337,251,303
D:/Devi/Singularis Software Technologies/numberplate_detection/annot\57e92915-935a-4a91-91f8-f3ad70040a6e___3e7fd381-0ae5-4421-8a70-279ee0ec1c61_847071203_1_1080x720_nissan-terrano-xv-d-thp-premium-110-ps-2015-diesel-ghaziabad.xml,179,344,586,620
D:/Devi/Singularis Software Technologies/numberplate_detection/annot\581e2224-3640-4bad-9d90-c2076a9f64f4___617609.jpg.xml,170,285,161,184
D:/Devi/Singularis Software Technologies/numberplate_detection/annot\59a29a85-30f5-469e-a6c2-e1af171f151c___3e7fd381-0ae5-4421-8a70-279ee0ec1c61_10187746494_417a40a489 - Copy.xml,103,166,181,198
D:/Devi/Singularis Software Technologies/numberplate_detection/annot\59a40238-6b01-4bb9-9faf-3b595e67bcb3___3d-font-number-plate-500x500.jpg.xml,174,289,228,252
D:/Devi/Singularis Software Technologies/numberplate_detection/annot\59e121dc-ebc6-4e4c-ba88-7fe04b569218___Autopsyches-Skoda-Laura-6.jpg.xml,289,447,217,257
D:/Devi/Singularis Software Technologies/numberplate_detection/annot\5a4780bf-d2af-4f19-a36b-65004cd06b3d___maruti-suzuki-wagon-r-rear-left-rim.jpg.xml,102,168,138,159
D:/Devi/Singularis Software Technologies/numberplate_detection/annot\5ac9f7b9-f7cc-4161-bbd1-7f377bb890bf___3e7fd381-0ae5-4421-8a70-279ee0ec1c61_Nissan-Terrano-John-Abraham.xml,252,401,310,344
D:/Devi/Singularis Software Technologies/numberplate_detection/annot\5b49ae32-c799-45e3-b139-9c56acf6370d___2014-Volkswagen-Polo-Review.jpg.xml,401,584,426,470
D:/Devi/Singularis Software Technologies/numberplate_detection/annot\5c85a40f-ce81-44b4-82b2-dfdac281217d___new_Skoda-Octavia-1.8-TSI-5.jpg.xml,179,300,210,239
D:/Devi/Singularis Software Technologies/numberplate_detection/annot\5cbd7465-ad12-4e6b-8eaf-d7056c3852f8___New-2018-Maruti-Suzuki-Swift-radiator-grille-600x398.jpg.xml,341,490,242,288
D:/Devi/Singularis Software Technologies/numberplate_detection/annot\60842fa7-0a2e-4407-b41c-933d93bdbb35___3e7fd381-0ae5-4421-8a70-279ee0ec1c61_nissan-terrano-red-rear.xml,146,237,215,244
D:/Devi/Singularis Software Technologies/numberplate_detection/annot\6254bb73-d8a1-4f04-89a9-92caef98e233___1658240d1500548920-close-look-2017-skoda-octavia-facelift-hands-free-parking-front-bumper.jpg.xml,1206,2492,975,1287
D:/Devi/Singularis Software Technologies/numberplate_detection/annot\62b58053-425c-4924-b129-c4a6580f3562___product-500x5001.xml,231,434,82,156
D:/Devi/Singularis Software Technologies/numberplate_detection/annot\6578ae52-8431-4854-ba24-756888891756___1496414894_2017-maruti-suzuki-ciaz.jpg.xml,295,426,170,221
D:/Devi/Singularis Software Technologies/numberplate_detection/annot\658af519-5290-4ae5-8dd6-694bab9aa458___3e7fd381-0ae5-4421-8a70-279ee0ec1c61_848765390_1_1080x720_nissan-terrano-xl-d-plus-2014-diesel-coimbatore.xml,225,343,462,488
D:/Devi/Singularis Software Technologies/numberplate_detection/annot\65e2825e-943f-48a3-a4e2-7e81d649ace2___3e7fd381-0ae5-4421-8a70-279ee0ec1c61_nissan-terrano-L.xml,134,252,259,299
D:/Devi/Singularis Software Technologies/numberplate_detection/annot\6767eddd-bf2f-4270-aa1f-6146738895ab___3e7fd381-0ae5-4421-8a70-279ee0ec1c61_Nissan-Terrano-20300.xml,353,424,214,247
D:/Devi/Singularis Software Technologies/numberplate_detection/annot\684f079f-6085-420c-8e4e-e1aed270fc05___Toyota-Fortuner-Number-Plates-Design.jpg.xml,541,769,390,458
D:/Devi/Singularis Software Technologies/numberplate_detection/annot\69b56ab9-accd-4c67-aa7a-a884c018e5ab___speedex-number-plates-nandanam-chennai-car-number-plate-dealers-3zh7n2s.jpg.xml,341,602,948,1014
D:/Devi/Singularis Software Technologies/numberplate_detection/annot\6bf2730d-82bf-43ac-8802-b61315d85b96___2017-Skoda-Octavia-rear-high-revealed-for-India-images.jpg.xml,108,261,235,276
D:/Devi/Singularis Software Technologies/numberplate_detection/annot\6cd15e75-3e26-41f2-a6aa-b1b58dec1c48___volkswagen-polo-exquisite-limited-edition-m1_720x540.jpg.xml,18,89,246,312
D:/Devi/Singularis Software Technologies/numberplate_detection/annot\6d69b523-72b7-4be9-a79f-428ef8148dcd___81auoS-H8eL._SX425_.jpg.xml,80,369,7,278
D:/Devi/Singularis Software Technologies/numberplate_detection/annot\6e52e238-927b-46e0-a8f1-5f77ef1ecf9f___3e7fd381-0ae5-4421-8a70-279ee0ec1c61_nissan-terrano-rear.xml,162,281,235,266
D:/Devi/Singularis Software Technologies/numberplate_detection/annot\6e772b68-a549-44e5-950e-4c376454c4e9___1557295d1474517501-toyota-innova-crysta-official-review-20160921_173216.jpg.xml,198,440,233,293
D:/Devi/Singularis Software Technologies/numberplate_detection/annot\6ec9d264-9eab-4027-bdcc-6f71c842ee75___3e7fd381-0ae5-4421-8a70-279ee0ec1c61_846635891_1_1080x720_nissan-terrano-xl-d-thp-110-ps-2013-diesel-dehra-dun.xml,142,356,448,500
D:/Devi/Singularis Software Technologies/numberplate_detection/annot\6ed8b283-5cf5-4727-9969-c79f70f47e80___2-cars-same-numbers.jpg.xml,72,161,145,175
D:/Devi/Singularis Software Technologies/numberplate_detection/annot\6f680368-4a15-464a-b314-7f9cd0f3db11___91852d1232463201-high-security-registration-plates-hsrp-india-num1.jpg.xml,206,351,167,288
D:/Devi/Singularis Software Technologies/numberplate_detection/annot\6f78077e-a3a1-4fb9-89ba-5870d75ccdb8___Innova_Crysta_Car_Euro_number_Plates.jpg.xml,166,281,101,134
D:/Devi/Singularis Software Technologies/numberplate_detection/annot\7070d6ac-5425-4d33-a78e-a48c62d0fac5___Honda-Jazz-Number-Plate-Designs.jpg.xml,76,546,134,295
D:/Devi/Singularis Software Technologies/numberplate_detection/annot\7073bd18-c0bf-47da-9e43-8c9d27831f11___new_Skoda-Laura-rear.jpg.xml,198,300,162,186
D:/Devi/Singularis Software Technologies/numberplate_detection/annot\712ecd95-753f-4d67-ae42-e8b5254e6e94___28iam53.jpg.xml,36,186,195,278
D:/Devi/Singularis Software Technologies/numberplate_detection/annot\72894c2b-5999-4d87-baa4-e3507548e011___3e7fd381-0ae5-4421-8a70-279ee0ec1c61_847602356_1_1080x720_nissan-terrano-xl-d-2014-diesel-bilaspur.xml,696,802,366,442
D:/Devi/Singularis Software Technologies/numberplate_detection/annot\730a2f83-cd53-4943-8922-af9d4fcad415___new_2.xml,144,369,82,230
D:/Devi/Singularis Software Technologies/numberplate_detection/annot\7506a48d-2c70-4b12-b300-463754bc7837___165979d1427773878-new-volkswagen-vento-2016-launched-india-vw-vento-facelift-rear-india-spotted-test.jpg.xml,335,535,272,319
D:/Devi/Singularis Software Technologies/numberplate_detection/annot\760ba77a-8992-4574-8cba-6c081d9e3e19___3e7fd381-0ae5-4421-8a70-279ee0ec1c61_04f4c639c871fba0b4cc6475604e40b7_large.xml,95,193,262,285
D:/Devi/Singularis Software Technologies/numberplate_detection/annot\7616cb19-df24-4d29-b679-5252391a547f___Skoda-Laura-rear.jpg.xml,316,479,260,296
D:/Devi/Singularis Software Technologies/numberplate_detection/annot\77d1f81a-bee6-487c-aff2-0efa31a9925c____bd7f7862-d727-11e7-ad30-e18a56154311.jpg.xml,582,699,280,315
D:/Devi/Singularis Software Technologies/numberplate_detection/annot\78a85f8b-de01-4036-ae91-2a1fa48bcf9f___new_995920d1349421647-cappuccino-beige-czech-tank-here-my-skoda-laura-2-0-elegance-mt-20121005_121433.jpg.xml,148,336,221,266
D:/Devi/Singularis Software Technologies/numberplate_detection/annot\79094948-25d3-418e-86fc-3c2d62917f62___513039-volkswagen-vento-test-drive-review-06032011612.jpg.xml,1049,2247,934,1311
D:/Devi/Singularis Software Technologies/numberplate_detection/annot\7c6227ed-9e92-4062-9591-b172cb32ec10___3e7fd381-0ae5-4421-8a70-279ee0ec1c61_Honda-Jazz-Front-Number-Plates-Designs.xml,54,599,79,189
D:/Devi/Singularis Software Technologies/numberplate_detection/annot\7c8229d7-7e37-41a6-9262-d5da278c8d8e___139379d1243147524-ok-have-dealers-name-number-plate-1.jpg.xml,259,729,200,347
D:/Devi/Singularis Software Technologies/numberplate_detection/annot\7f369852-27b9-4141-8c48-9e88b20743a6___new_Mahindra-Scorpio-Taillamps-Night.JPG.xml,148,380,214,270
D:/Devi/Singularis Software Technologies/numberplate_detection/annot\7f768bfc-4c86-4fff-932d-c9871a82dce5___1431955d1446017445-number-plates-merchandise-canvas-ink-gurgaon-edit-closed-thumb_img_4422_1024.jpg.xml,254,472,516,570
D:/Devi/Singularis Software Technologies/numberplate_detection/annot\7f7e27cc-930a-46cb-b3af-6e43da8b566d___3e7fd381-0ae5-4421-8a70-279ee0ec1c61_Nissan-Terrano-Petrol-Review-Images-Black-Front-Grille-720x480.xml,419,590,322,414
D:/Devi/Singularis Software Technologies/numberplate_detection/annot\8187c22d-5fa4-4976-9c00-80b2ab66b97d___1290890d1411349145-take-look-number-plate-img_20140903_093600_hdr.jpg.xml,94,241,241,321
D:/Devi/Singularis Software Technologies/numberplate_detection/annot\84969111-2ec3-4914-b3bb-da5aaac701e7___1.jpg.xml,47,106,229,250
D:/Devi/Singularis Software Technologies/numberplate_detection/annot\85bd88a0-ac9a-412e-ba44-2a29d209e212___4336_1466054535_9.jpg.xml,165,285,189,228
D:/Devi/Singularis Software Technologies/numberplate_detection/annot\85d7e25d-5aa1-4e5f-9c4e-4e671f14ddbe___77cca4b6f3864b3928824a030ba101d2.jpg.xml,177,312,521,552
D:/Devi/Singularis Software Technologies/numberplate_detection/annot\8625b831-13a1-4b7d-9466-826cd6d36c67___1304650d1414861991-number-plates-merchandise-canvas-ink-gurgaon-edit-closed-10471269_1537317779842156_5063668061078329632_n.jpg.xml,285,498,352,398
D:/Devi/Singularis Software Technologies/numberplate_detection/annot\868b996f-1f40-47ca-8222-b0f2750d7010___3e7fd381-0ae5-4421-8a70-279ee0ec1c61_nissan-terrano-left-side-view.xml,84,132,130,148
D:/Devi/Singularis Software Technologies/numberplate_detection/annot\88294212-f11c-46a7-a91a-04c9da19efa6___DSC_8221-L.jpg.xml,232,316,194,234
D:/Devi/Singularis Software Technologies/numberplate_detection/annot\8906af57-0d29-417d-ac46-408425527b57___VW-Vento-TDI-CNG-Spy-Pic-2.jpg.xml,246,373,239,296
D:/Devi/Singularis Software Technologies/numberplate_detection/annot\89d26be7-258a-4470-b0fe-d1df57b20d55___new_Skoda-Octavia-5.jpg.xml,185,249,209,230
D:/Devi/Singularis Software Technologies/numberplate_detection/annot\8b5431f9-7d6f-43ed-853d-350ca058ff2a___3e7fd381-0ae5-4421-8a70-279ee0ec1c61_2014-Nissan-Terrano1.xml,606,793,392,469
D:/Devi/Singularis Software Technologies/numberplate_detection/annot\8b9e7112-9149-48fb-b8e8-c3e89cce5af0___1074650_10201043987997310_227646612_o.jpg.xml,231,431,252,308
D:/Devi/Singularis Software Technologies/numberplate_detection/annot\8c4371ee-a997-4b21-82c4-cb5e767c4d06___kia-sorento-spied-in-India.jpg.xml,231,359,188,215
D:/Devi/Singularis Software Technologies/numberplate_detection/annot\8da5183c-275f-4294-a5a8-276e10ac5ad0___3e7fd381-0ae5-4421-8a70-279ee0ec1c61_nissan-terrano-amt_827x510_81478504265.xml,352,551,292,447
D:/Devi/Singularis Software Technologies/numberplate_detection/annot\8dbb3ea7-8512-49e4-9ede-d4647e3b7dd2___158712081_5_1000x700_toyota-innova-v-2010-7seat-life-tax-kerala_rev001.jpg.xml,463,558,289,345
D:/Devi/Singularis Software Technologies/numberplate_detection/annot\8e0b8c6f-850f-4918-983a-7fa110368d32___banner_4.xml,328,578,202,252
D:/Devi/Singularis Software Technologies/numberplate_detection/annot\8edca6de-d964-4027-823d-f70d3f872412___12042943_1003224833031653_9073848483429898813_n.jpg.xml,208,407,156,207
D:/Devi/Singularis Software Technologies/numberplate_detection/annot\931dfd5a-3d1f-4a08-9234-0453545e27ea___1297127d1412798792-maruti-ciaz-official-review-imag0627.jpg.xml,155,354,117,178
D:/Devi/Singularis Software Technologies/numberplate_detection/annot\936623d4-b47c-4da7-ab2e-6ac3cc63f861___new_216279d1481352986-silver-venom-mahindra-scorpio-s4-2016-ownership-review-wp_20161122_11_19_00_pro.jpg.xml,179,375,117,184
D:/Devi/Singularis Software Technologies/numberplate_detection/annot\93b6319a-5886-48d8-8a69-07d586751553___2014-VW-Polo-facelift-first-drive-rear-number-plate.jpg.xml,363,1045,291,556
D:/Devi/Singularis Software Technologies/numberplate_detection/annot\93b6ca4e-17cc-4b12-b7f5-66fb37c6107c___number-plate-factory-fitted1.jpg.xml,218,428,144,194
D:/Devi/Singularis Software Technologies/numberplate_detection/annot\94c5a151-24b5-493c-a900-017a4353b00c___3e7fd381-0ae5-4421-8a70-279ee0ec1c61_Tata-Tiago-Front-Number-Plates-Design.xml,260,696,234,338
D:/Devi/Singularis Software Technologies/numberplate_detection/annot\967ba4a0-eb8e-4734-aa09-c7143d0404b6___39720161008_150234.jpg.xml,161,317,208,250
D:/Devi/Singularis Software Technologies/numberplate_detection/annot\97846647-16f1-4ee2-b260-60774a21cc74___new_Maruti-Suzuki-Swift-Dzire-1.jpg.xml,109,253,145,183
D:/Devi/Singularis Software Technologies/numberplate_detection/annot\9cad4b47-6c7b-4e30-ab55-b7fa040beb56___135717d1400912281-skoda-rapid-1-6tdi-cr-mt-elegance-ultima-candy-white-white-monster-_mg_2993comp.jpg.xml,66,175,231,260
D:/Devi/Singularis Software Technologies/numberplate_detection/annot\9cd75347-8952-40b1-97c5-d628f1b59590___3e7fd381-0ae5-4421-8a70-279ee0ec1c61_Maruti-Swift-Number-Plates-Design.xml,329,856,219,410
D:/Devi/Singularis Software Technologies/numberplate_detection/annot\9ea92991-8fdf-4b46-aea1-bf08ecff247c___new_1107433d1373284570-my-modded-skoda-rapid-now-166-bhp-351-nm-119-whp-per-tonne-hdr_00005_normal.jpg.xml,65,245,230,275
D:/Devi/Singularis Software Technologies/numberplate_detection/annot\9f7c7dce-f9c9-4c95-a053-8f16e6e99466___new_new-maruti-alto-k10-2_625x300_41414071192.jpg.xml,143,315,164,203
D:/Devi/Singularis Software Technologies/numberplate_detection/annot\a1928183-9ebe-40f0-9a84-500aecc61474___2014-Skoda-Superb-facelift-spied-in-India.jpg.xml,419,517,169,214
D:/Devi/Singularis Software Technologies/numberplate_detection/annot\a285cdf6-4640-41ee-b3f3-b721f334466f___Skoda-Octavia-RS-launched-in-India-3.jpg.xml,176,348,255,291
D:/Devi/Singularis Software Technologies/numberplate_detection/annot\a2d49f53-4121-4627-b5d9-069f8b2f8490___840256171_1_1080x720_maruti-suzuki-wagon-r-vxi-with-abs-minor-2014-petrol-erode.jpg.xml,109,241,226,259
D:/Devi/Singularis Software Technologies/numberplate_detection/annot\a2f87691-b9f5-4274-ac5a-8764e9ba282c___1571669d1477648169-your-favourite-number-plate-font-13.jpg.xml,241,1398,209,704
D:/Devi/Singularis Software Technologies/numberplate_detection/annot\a34aeb21-ffe8-4357-80d3-8f212c62c816___new_main_cropped.jpg.xml,202,347,110,142
D:/Devi/Singularis Software Technologies/numberplate_detection/annot\a508ecb5-bfdd-46ba-8640-bb827b7c089c___Volkswagen-Polo.jpg.xml,565,674,207,238
D:/Devi/Singularis Software Technologies/numberplate_detection/annot\a615016b-4d07-46c7-a52b-8d4319fe3a10___3e7fd381-0ae5-4421-8a70-279ee0ec1c61_nissan-terrano-rear-view.xml,301,406,362,390
D:/Devi/Singularis Software Technologies/numberplate_detection/annot\a9268f51-fbb4-42c2-b88c-f5ef9f8ead42___2266_7T4G0510.JPG.xml,150,344,251,303
D:/Devi/Singularis Software Technologies/numberplate_detection/annot\a95a0d9d-5d40-4abb-bd3e-6c6d94bef5b1___IMG_3310.jpg.xml,138,304,133,182
D:/Devi/Singularis Software Technologies/numberplate_detection/annot\a970d6e0-5948-4412-a1ec-67c5240722a8___images-gallery-misc4-250x250.jpg.xml,14,197,28,129
D:/Devi/Singularis Software Technologies/numberplate_detection/annot\aa221c22-6600-4f05-9eb9-3676ef0b22e0___69590d1226627898-high-security-number-plates-india-d1.jpg.xml,164,900,255,434
D:/Devi/Singularis Software Technologies/numberplate_detection/annot\ab573806-1da7-4ccf-93c8-6082e0cc15c3___1107433d1373284570-my-modded-skoda-rapid-now-166-bhp-351-nm-119-whp-per-tonne-hdr_00005_normal.jpg.xml,636,891,513,578
D:/Devi/Singularis Software Technologies/numberplate_detection/annot\acd85f93-544d-494e-b2f3-2d445937bb0b___new_1431956d1446017445-number-plates-merchandise-canvas-ink-gurgaon-edit-closed-thumb_img_4418_1024.jpg.xml,134,388,128,195
D:/Devi/Singularis Software Technologies/numberplate_detection/annot\ad1f5cbc-7545-407e-8974-a03ddb7b7779___833542696_1_1080x720_mahindra-scorpio-vlx-4wd-airbag-bs-iv-2012-diesel-.jpg.xml,411,602,420,469
D:/Devi/Singularis Software Technologies/numberplate_detection/annot\ae0bb069-0e7e-412a-9473-e8e0d4041cbc___135718d1400912281-skoda-rapid-1-6tdi-cr-mt-elegance-ultima-candy-white-white-monster-_mg_3000comp.jpg.xml,341,423,197,222
D:/Devi/Singularis Software Technologies/numberplate_detection/annot\aea95aa0-a000-4103-945d-c173383bd646___3e7fd381-0ae5-4421-8a70-279ee0ec1c61_Nissan-Terrano-11.xml,483,691,195,330
D:/Devi/Singularis Software Technologies/numberplate_detection/annot\af058398-67d6-4d0e-a6d9-afc1cb184e5b___3e7fd381-0ae5-4421-8a70-279ee0ec1c61_hqdefault3.xml,146,239,209,245
D:/Devi/Singularis Software Technologies/numberplate_detection/annot\af270103-6ed4-4260-9d01-b8be2e2b9af1___skoda-rapid-1.5-tdi-dsg-review.jpg.xml,106,249,154,198
D:/Devi/Singularis Software Technologies/numberplate_detection/annot\af36405d-be93-4c8c-b1b2-5a0832535eeb___main-qimg-4caf07f4dfd9e2a2d279ddd54fb91986-c.jpg.xml,121,243,162,201
D:/Devi/Singularis Software Technologies/numberplate_detection/annot\af608b5e-07d6-4bcf-84d0-f0cba9e54e12___Skoda-Superb-Rear-Profile.jpg.xml,238,349,187,213
D:/Devi/Singularis Software Technologies/numberplate_detection/annot\aff1f53b-3259-44f0-9718-05fb64dc8ba1___Untitled.xml,84,182,140,162
D:/Devi/Singularis Software Technologies/numberplate_detection/annot\AN1.xml,94,185,364,385
D:/Devi/Singularis Software Technologies/numberplate_detection/annot\AN10.xml,109,165,168,181
D:/Devi/Singularis Software Technologies/numberplate_detection/annot\AN2.xml,121,179,224,237
D:/Devi/Singularis Software Technologies/numberplate_detection/annot\AN4.xml,82,141,229,245
D:/Devi/Singularis Software Technologies/numberplate_detection/annot\AN5.xml,150,205,244,256
D:/Devi/Singularis Software Technologies/numberplate_detection/annot\AN6.xml,121,184,229,246
D:/Devi/Singularis Software Technologies/numberplate_detection/annot\AN7.xml,89,192,366,391
D:/Devi/Singularis Software Technologies/numberplate_detection/annot\AP1.xml,101,179,145,162
D:/Devi/Singularis Software Technologies/numberplate_detection/annot\AP10.xml,111,188,267,284
D:/Devi/Singularis Software Technologies/numberplate_detection/annot\AP12.xml,77,132,226,248
D:/Devi/Singularis Software Technologies/numberplate_detection/annot\AP13.xml,96,169,191,210
D:/Devi/Singularis Software Technologies/numberplate_detection/annot\AP14.xml,103,191,176,206
D:/Devi/Singularis Software Technologies/numberplate_detection/annot\AP15.xml,93,203,240,260
D:/Devi/Singularis Software Technologies/numberplate_detection/annot\AP16.xml,104,154,127,138
D:/Devi/Singularis Software Technologies/numberplate_detection/annot\AP17.xml,106,180,340,355
D:/Devi/Singularis Software Technologies/numberplate_detection/annot\AP18.xml,105,163,114,129
D:/Devi/Singularis Software Technologies/numberplate_detection/annot\AP19.xml,98,158,341,357
D:/Devi/Singularis Software Technologies/numberplate_detection/annot\AP2.xml,95,141,48,59
D:/Devi/Singularis Software Technologies/numberplate_detection/annot\AP20.xml,100,165,261,275
D:/Devi/Singularis Software Technologies/numberplate_detection/annot\AP21.xml,120,229,99,129
D:/Devi/Singularis Software Technologies/numberplate_detection/annot\AP22.xml,74,172,229,248
D:/Devi/Singularis Software Technologies/numberplate_detection/annot\AP23.xml,78,136,223,234
D:/Devi/Singularis Software Technologies/numberplate_detection/annot\AP24.xml,90,183,265,285
D:/Devi/Singularis Software Technologies/numberplate_detection/annot\AP25.xml,90,173,250,267
D:/Devi/Singularis Software Technologies/numberplate_detection/annot\AP26.xml,96,179,45,63
D:/Devi/Singularis Software Technologies/numberplate_detection/annot\AP27.xml,98,174,197,216
D:/Devi/Singularis Software Technologies/numberplate_detection/annot\AP29.xml,105,183,1,16
D:/Devi/Singularis Software Technologies/numberplate_detection/annot\AP3.xml,175,249,273,320
D:/Devi/Singularis Software Technologies/numberplate_detection/annot\AP30.xml,90,173,276,292
D:/Devi/Singularis Software Technologies/numberplate_detection/annot\AP33.xml,98,182,231,251
D:/Devi/Singularis Software Technologies/numberplate_detection/annot\AP34.xml,98,183,7,22
D:/Devi/Singularis Software Technologies/numberplate_detection/annot\AP39.xml,94,167,157,172
D:/Devi/Singularis Software Technologies/numberplate_detection/annot\AP4.xml,111,171,138,150
D:/Devi/Singularis Software Technologies/numberplate_detection/annot\AP40.xml,76,169,233,253
D:/Devi/Singularis Software Technologies/numberplate_detection/annot\AP41.xml,79,190,265,290
D:/Devi/Singularis Software Technologies/numberplate_detection/annot\AP42.xml,115,184,94,110
D:/Devi/Singularis Software Technologies/numberplate_detection/annot\AP43.xml,110,198,322,344
D:/Devi/Singularis Software Technologies/numberplate_detection/annot\AP44.xml,95,159,251,270
D:/Devi/Singularis Software Technologies/numberplate_detection/annot\AP45.xml,98,182,231,263
D:/Devi/Singularis Software Technologies/numberplate_detection/annot\AP46.xml,74,180,262,287
D:/Devi/Singularis Software Technologies/numberplate_detection/annot\AP5.xml,93,155,163,179
D:/Devi/Singularis Software Technologies/numberplate_detection/annot\AP6.xml,98,176,221,239
D:/Devi/Singularis Software Technologies/numberplate_detection/annot\AP7.xml,79,158,223,240
D:/Devi/Singularis Software Technologies/numberplate_detection/annot\AP8.xml,100,172,220,237
D:/Devi/Singularis Software Technologies/numberplate_detection/annot\b117ba53-d563-49c2-806b-343666616815___new_Maruti-Suzuki-recalls-75419-Baleno-cars-1961-DZire-cars-only-AGS-variant-Motown-India-Bureau-2-810.jpg.xml,119,216,116,145
D:/Devi/Singularis Software Technologies/numberplate_detection/annot\b176b317-68a9-4c38-ac39-55e5244c9b9c___60653.jpg.xml,456,785,105,234
D:/Devi/Singularis Software Technologies/numberplate_detection/annot\b266759c-f9e9-47c1-9042-4c7aef7d441d___1711769d1514801394t-toyota-innova-crysta-2-4-gx-ownership-review-edit-10-000-km-service-done-vs.jpg.xml,125,185,122,156
D:/Devi/Singularis Software Technologies/numberplate_detection/annot\b3e82163-400b-4211-bb99-a5b53fb13a25___new_IMG_8883.jpg.xml,43,180,52,85
D:/Devi/Singularis Software Technologies/numberplate_detection/annot\b4eb91cd-3e77-40c2-bbe6-13d42f2ea4ba___INNOVA_Euro_Number_Plates.jpg.xml,162,339,151,193
D:/Devi/Singularis Software Technologies/numberplate_detection/annot\b5b41a4b-8913-4af6-9419-ac6398d266b0___161893107_2_1000x700_innava-with-fancy-number-upload-photos.jpg.xml,127,261,247,293
D:/Devi/Singularis Software Technologies/numberplate_detection/annot\b78259be-7ef5-4499-b9a2-2b8a37660e8b___Maruti-Suzuki-Celerio-Front-Number-Plates-Design.jpg.xml,325,691,288,371
D:/Devi/Singularis Software Technologies/numberplate_detection/annot\b78553c7-977e-49a2-b3d2-42825d83c8b0___1557297d1474517501-toyota-innova-crysta-official-review-20160920_191445.jpg.xml,56,220,199,276
D:/Devi/Singularis Software Technologies/numberplate_detection/annot\b79f870d-15c7-48e3-8874-7c0e53e29f75___3e7fd381-0ae5-4421-8a70-279ee0ec1c61_754eab882b8290b29a0454dd45580a39_555X416_1 - Copy (2).xml,72,127,127,149
D:/Devi/Singularis Software Technologies/numberplate_detection/annot\b79f870d-15c7-48e3-8874-7c0e53e29f75___3e7fd381-0ae5-4421-8a70-279ee0ec1c61_754eab882b8290b29a0454dd45580a39_555X416_1 - Copy (3).xml,237,288,109,126
D:/Devi/Singularis Software Technologies/numberplate_detection/annot\b79f870d-15c7-48e3-8874-7c0e53e29f75___3e7fd381-0ae5-4421-8a70-279ee0ec1c61_754eab882b8290b29a0454dd45580a39_555X416_1 - Copy.xml,54,123,135,157
D:/Devi/Singularis Software Technologies/numberplate_detection/annot\b79f870d-15c7-48e3-8874-7c0e53e29f75___3e7fd381-0ae5-4421-8a70-279ee0ec1c61_754eab882b8290b29a0454dd45580a39_555X416_1.xml,115,178,123,145
D:/Devi/Singularis Software Technologies/numberplate_detection/annot\b7fd8aaa-8621-449f-b99c-f45778f1a25c___3e7fd381-0ae5-4421-8a70-279ee0ec1c61_1208485d1392541449-nissan-terrano-official-review-img_20140215_181507.xml,239,416,799,893
D:/Devi/Singularis Software Technologies/numberplate_detection/annot\b9467810-4022-4cf5-87e7-fed0d63c8e2f___new_1658240d1500548920-close-look-2017-skoda-octavia-facelift-hands-free-parking-front-bumper.jpg.xml,163,334,130,175
D:/Devi/Singularis Software Technologies/numberplate_detection/annot\ba457a81-cf10-4879-8e8f-3a0a8d10689a___3e7fd381-0ae5-4421-8a70-279ee0ec1c61_hqdefault.xml,181,281,202,223
D:/Devi/Singularis Software Technologies/numberplate_detection/annot\bb210ab4-795c-4b2b-9b6e-4597cbc67375___White-2BPlate.xml,164,274,223,247
D:/Devi/Singularis Software Technologies/numberplate_detection/annot\bb767d81-73b4-4c47-b619-7efde490b199___3e7fd381-0ae5-4421-8a70-279ee0ec1c61_oem-name0 - Copy.xml,60,104,206,217
D:/Devi/Singularis Software Technologies/numberplate_detection/annot\bb767d81-73b4-4c47-b619-7efde490b199___3e7fd381-0ae5-4421-8a70-279ee0ec1c61_oem-name0.xml,254,375,255,288
D:/Devi/Singularis Software Technologies/numberplate_detection/annot\bbf22d00-3dd6-4338-b701-264e0c0c0aff___Maruti-Swift-DZire-Photos-1.jpg.xml,191,388,230,276
D:/Devi/Singularis Software Technologies/numberplate_detection/annot\bcdc8b42-5dd4-48e2-8104-706440524bfe___hqdefault0.jpg.xml,1,465,63,182
D:/Devi/Singularis Software Technologies/numberplate_detection/annot\bd742e42-bacc-430e-b9aa-9df666f5d9b3___kicker-647_010517112446.jpg.xml,202,295,214,241
D:/Devi/Singularis Software Technologies/numberplate_detection/annot\bdad5f66-70ad-4241-9a62-bba1123c3486___3e7fd381-0ae5-4421-8a70-279ee0ec1c61_1447945d1449508546t-my-nissan-terrano-85-ps-_img_000000_000000.xml,403,458,276,302
D:/Devi/Singularis Software Technologies/numberplate_detection/annot\be483d11-33f0-4c1f-87b6-9844eea28996___1093346d1370435964-take-look-number-plate-photo.jpg.xml,268,389,260,302
D:/Devi/Singularis Software Technologies/numberplate_detection/annot\bff789cd-2d58-4399-a55e-33be55f313e3___IMG_0472.jpg.xml,272,482,331,384
D:/Devi/Singularis Software Technologies/numberplate_detection/annot\c02b3989-8334-4cf7-b69c-bcd177e209d4___mqdefault.jpg.xml,96,226,19,53
D:/Devi/Singularis Software Technologies/numberplate_detection/annot\c03a7106-1fb9-471f-bbb0-2e8f4a29759a___38e7b1109eb976088e1df2f14ac4c08c.jpg - Copy.xml,85,191,257,285
D:/Devi/Singularis Software Technologies/numberplate_detection/annot\c03a7106-1fb9-471f-bbb0-2e8f4a29759a___38e7b1109eb976088e1df2f14ac4c08c.jpg.xml,38,73,135,153
D:/Devi/Singularis Software Technologies/numberplate_detection/annot\c06d4d42-591f-429e-92b4-20e701f89c14___2014-VW-Polo-facelift-spied-India-rear.jpg.xml,449,648,717,763
D:/Devi/Singularis Software Technologies/numberplate_detection/annot\c1d91c5e-128b-41d4-9f9d-ebfbef98b597___High_security_n15816.jpg.xml,18,436,141,289
D:/Devi/Singularis Software Technologies/numberplate_detection/annot\c2feb2b7-fbb3-4e1e-ad48-cc8112a1ab3f___Maruti_R3_On_Test.jpg.xml,162,313,213,261
D:/Devi/Singularis Software Technologies/numberplate_detection/annot\c30a1535-9d8f-465e-a7f4-aa726f19f0b1___new-maruti-alto-k10-2_625x300_41414071192.jpg.xml,248,419,376,414
D:/Devi/Singularis Software Technologies/numberplate_detection/annot\c41652d9-19ae-4a7d-8423-230340ac30bc___Skoda_Laura_DSG_Long_Term_Review-125.jpg.xml,393,595,452,500
D:/Devi/Singularis Software Technologies/numberplate_detection/annot\c48f8704-bc40-462a-a595-445b2f2e63fe___new_77cca4b6f3864b3928824a030ba101d2.jpg.xml,51,185,200,231
D:/Devi/Singularis Software Technologies/numberplate_detection/annot\c795950c-766a-4a2e-9636-62d663d6f06b___62bf1edb36141f114521ec4bb4175579.jpg.xml,828,877,294,337
D:/Devi/Singularis Software Technologies/numberplate_detection/annot\c8a79e91-8c48-42d0-9b80-137fd033493c___automakers-number-plates-nitin-gadkari_827x510_61522653557.jpg.xml,65,158,162,198
D:/Devi/Singularis Software Technologies/numberplate_detection/annot\ca18d733-ec53-49d9-87aa-a9f6c52cc7bb___VW-Polo-GT-TSI-badge-on-the-grille.jpg.xml,108,392,226,291
D:/Devi/Singularis Software Technologies/numberplate_detection/annot\car-wbs-AP02BP2454_00000.xml,231,358,189,220
D:/Devi/Singularis Software Technologies/numberplate_detection/annot\car-wbs-CH01AN0001_00000.xml,283,425,240,281
D:/Devi/Singularis Software Technologies/numberplate_detection/annot\car-wbs-DL10CG4693_00000.xml,147,370,100,152
D:/Devi/Singularis Software Technologies/numberplate_detection/annot\car-wbs-DL12C3536_00000.xml,1051,2249,934,1307
D:/Devi/Singularis Software Technologies/numberplate_detection/annot\car-wbs-DL3CAY2231_00000.xml,292,446,219,253
D:/Devi/Singularis Software Technologies/numberplate_detection/annot\car-wbs-DL3CAY9324_00000.xml,300,486,261,304
D:/Devi/Singularis Software Technologies/numberplate_detection/annot\car-wbs-DL6CM6683_00000.xml,92,228,328,397
D:/Devi/Singularis Software Technologies/numberplate_detection/annot\car-wbs-DL6CM6683_00001.xml,302,406,363,389
D:/Devi/Singularis Software Technologies/numberplate_detection/annot\car-wbs-DL7CN5617_00000.xml,146,260,181,207
D:/Devi/Singularis Software Technologies/numberplate_detection/annot\car-wbs-DL8CX4850_00000.xml,121,263,198,233
D:/Devi/Singularis Software Technologies/numberplate_detection/annot\car-wbs-GJ03JL0126_00000.xml,154,246,142,165
D:/Devi/Singularis Software Technologies/numberplate_detection/annot\car-wbs-GJ05JH2501_00000.xml,134,263,237,271
D:/Devi/Singularis Software Technologies/numberplate_detection/annot\car-wbs-GJ05JH2501_00001.xml,126,244,297,330
D:/Devi/Singularis Software Technologies/numberplate_detection/annot\car-wbs-GJW115A1138_00000.xml,156,338,195,246
D:/Devi/Singularis Software Technologies/numberplate_detection/annot\car-wbs-HR11F7575_00000.xml,186,348,344,385
D:/Devi/Singularis Software Technologies/numberplate_detection/annot\car-wbs-HR26AZ5927_00000.xml,172,252,193,212
D:/Devi/Singularis Software Technologies/numberplate_detection/annot\car-wbs-HR26BA8008_00000.xml,14,198,33,131
D:/Devi/Singularis Software Technologies/numberplate_detection/annot\car-wbs-HR26BC5514_00000.xml,165,239,202,220
D:/Devi/Singularis Software Technologies/numberplate_detection/annot\car-wbs-HR26BC5514_00001.xml,159,237,221,239
D:/Devi/Singularis Software Technologies/numberplate_detection/annot\car-wbs-HR26BP3543_00000.xml,109,252,145,181
D:/Devi/Singularis Software Technologies/numberplate_detection/annot\car-wbs-HR26BP3543_00001.xml,190,333,265,302
D:/Devi/Singularis Software Technologies/numberplate_detection/annot\car-wbs-HR26BR9044_00000.xml,88,165,110,134
D:/Devi/Singularis Software Technologies/numberplate_detection/annot\car-wbs-HR26BU0380_00000.xml,97,160,186,203
D:/Devi/Singularis Software Technologies/numberplate_detection/annot\car-wbs-HR26CB1900_00000.xml,166,220,222,236
D:/Devi/Singularis Software Technologies/numberplate_detection/annot\car-wbs-HR26CE1485_00000.xml,231,345,280,307
D:/Devi/Singularis Software Technologies/numberplate_detection/annot\car-wbs-HR26CH3604_00000.xml,199,352,135,176
D:/Devi/Singularis Software Technologies/numberplate_detection/annot\car-wbs-HR26CK8571_00000.xml,384,487,215,246
D:/Devi/Singularis Software Technologies/numberplate_detection/annot\car-wbs-HR26CM6005_00000.xml,192,387,226,274
D:/Devi/Singularis Software Technologies/numberplate_detection/annot\car-wbs-HR26CR3302_00000.xml,120,216,115,146
D:/Devi/Singularis Software Technologies/numberplate_detection/annot\car-wbs-HR26CT4063_00000.xml,133,300,305,353
D:/Devi/Singularis Software Technologies/numberplate_detection/annot\car-wbs-HR26CT6702_00000.xml,248,420,378,417
D:/Devi/Singularis Software Technologies/numberplate_detection/annot\car-wbs-HR26CT6702_00001.xml,144,314,165,203
D:/Devi/Singularis Software Technologies/numberplate_detection/annot\car-wbs-HR26CU6799_00000.xml,233,308,155,179
D:/Devi/Singularis Software Technologies/numberplate_detection/annot\car-wbs-HR26DA0471_00000.xml,157,313,228,276
D:/Devi/Singularis Software Technologies/numberplate_detection/annot\car-wbs-HR26DA2330_00000.xml,25,144,207,247
D:/Devi/Singularis Software Technologies/numberplate_detection/annot\car-wbs-HR26DG6167_00000.xml,218,426,146,192
D:/Devi/Singularis Software Technologies/numberplate_detection/annot\car-wbs-HR26U7501_00000.xml,352,572,182,307
D:/Devi/Singularis Software Technologies/numberplate_detection/annot\car-wbs-HR51AY9099_00000.xml,192,393,513,551
D:/Devi/Singularis Software Technologies/numberplate_detection/annot\car-wbs-HR696969_00000.xml,231,430,254,305
D:/Devi/Singularis Software Technologies/numberplate_detection/annot\car-wbs-HR99BJ6662_00000.xml,260,730,203,346
D:/Devi/Singularis Software Technologies/numberplate_detection/annot\car-wbs-HR99EX6037_00000.xml,149,343,252,302
D:/Devi/Singularis Software Technologies/numberplate_detection/annot\car-wbs-HRDK0830_00000.xml,342,492,241,290
D:/Devi/Singularis Software Technologies/numberplate_detection/annot\car-wbs-KA01CA2555_00000.xml,230,417,121,178
D:/Devi/Singularis Software Technologies/numberplate_detection/annot\car-wbs-KA031351_00000.xml,219,344,316,351
D:/Devi/Singularis Software Technologies/numberplate_detection/annot\car-wbs-KA03MG2784_00000.xml,130,464,169,237
D:/Devi/Singularis Software Technologies/numberplate_detection/annot\car-wbs-KA03NA8385_00000.xml,86,183,141,163
D:/Devi/Singularis Software Technologies/numberplate_detection/annot\car-wbs-KA04MN3622_00000.xml,197,370,375,413
D:/Devi/Singularis Software Technologies/numberplate_detection/annot\car-wbs-KA05MG1909_00000.xml,95,295,101,190
D:/Devi/Singularis Software Technologies/numberplate_detection/annot\car-wbs-KA18P2987_00000.xml,1306,1801,1705,1868
D:/Devi/Singularis Software Technologies/numberplate_detection/annot\car-wbs-KA29Z999_00000.xml,148,338,222,265
D:/Devi/Singularis Software Technologies/numberplate_detection/annot\car-wbs-KA51MJ8156_00000.xml,115,254,285,320
D:/Devi/Singularis Software Technologies/numberplate_detection/annot\car-wbs-KL01AX8000_00000.xml,144,302,159,202
D:/Devi/Singularis Software Technologies/numberplate_detection/annot\car-wbs-KL01CA2555_00000.xml,231,418,122,179
D:/Devi/Singularis Software Technologies/numberplate_detection/annot\car-wbs-KL01CC50_00000.xml,231,434,81,155
D:/Devi/Singularis Software Technologies/numberplate_detection/annot\car-wbs-KL01KL0KL01_00000.xml,57,220,201,276
D:/Devi/Singularis Software Technologies/numberplate_detection/annot\car-wbs-KL04AL4405_00000.xml,144,340,168,210
D:/Devi/Singularis Software Technologies/numberplate_detection/annot\car-wbs-KL05AK3300_00000.xml,337,453,314,347
D:/Devi/Singularis Software Technologies/numberplate_detection/annot\car-wbs-KL07CB8599_00000.xml,213,332,139,167
D:/Devi/Singularis Software Technologies/numberplate_detection/annot\car-wbs-KL10AV6342_00000.xml,142,336,253,304
D:/Devi/Singularis Software Technologies/numberplate_detection/annot\car-wbs-KL10AV6342_00001.xml,118,643,216,413
D:/Devi/Singularis Software Technologies/numberplate_detection/annot\car-wbs-KL10AV6633_00000.xml,311,670,429,533
D:/Devi/Singularis Software Technologies/numberplate_detection/annot\car-wbs-KL10AW2111_00000.xml,186,336,189,228
D:/Devi/Singularis Software Technologies/numberplate_detection/annot\car-wbs-KL10AW2814_00000.xml,304,673,263,347
D:/Devi/Singularis Software Technologies/numberplate_detection/annot\car-wbs-KL10AW2814_00001.xml,108,421,186,262
D:/Devi/Singularis Software Technologies/numberplate_detection/annot\car-wbs-KL12G7531_00000.xml,663,887,239,300
D:/Devi/Singularis Software Technologies/numberplate_detection/annot\car-wbs-KL16J3636_00000.xml,160,324,67,108
D:/Devi/Singularis Software Technologies/numberplate_detection/annot\car-wbs-KL20K7561_00000.xml,168,324,162,205
D:/Devi/Singularis Software Technologies/numberplate_detection/annot\car-wbs-KL43B2344_00000.xml,162,341,72,116
D:/Devi/Singularis Software Technologies/numberplate_detection/annot\car-wbs-KL454455_00000.xml,126,263,7,56
D:/Devi/Singularis Software Technologies/numberplate_detection/annot\car-wbs-KL53E964_00000.xml,258,484,389,462
D:/Devi/Singularis Software Technologies/numberplate_detection/annot\car-wbs-KL54A2670_00000.xml,63,159,87,113
D:/Devi/Singularis Software Technologies/numberplate_detection/annot\car-wbs-KL54H369_00000.xml,294,546,485,546
D:/Devi/Singularis Software Technologies/numberplate_detection/annot\car-wbs-KL55R2473_00000.xml,137,334,157,205
D:/Devi/Singularis Software Technologies/numberplate_detection/annot\car-wbs-KL60N5344_00000.xml,16,151,145,177
D:/Devi/Singularis Software Technologies/numberplate_detection/annot\car-wbs-KL60N5344_00001.xml,178,313,235,267
D:/Devi/Singularis Software Technologies/numberplate_detection/annot\car-wbs-KL65H4383_00000.xml,256,696,235,340
D:/Devi/Singularis Software Technologies/numberplate_detection/annot\car-wbs-MH01AE8017_00000.xml,16,434,22,174
D:/Devi/Singularis Software Technologies/numberplate_detection/annot\car-wbs-MH01AR5274_00000.xml,96,199,96,121
D:/Devi/Singularis Software Technologies/numberplate_detection/annot\car-wbs-MH01AV8866_00000.xml,144,252,181,203
D:/Devi/Singularis Software Technologies/numberplate_detection/annot\car-wbs-MH01BU5207_00000.xml,148,382,150,211
D:/Devi/Singularis Software Technologies/numberplate_detection/annot\car-wbs-MH01DE2780_00000.xml,480,629,206,253
D:/Devi/Singularis Software Technologies/numberplate_detection/annot\car-wbs-MH02BM5048_00000.xml,162,316,60,100
D:/Devi/Singularis Software Technologies/numberplate_detection/annot\car-wbs-MH02CB4545_00000.xml,86,257,199,259
D:/Devi/Singularis Software Technologies/numberplate_detection/annot\car-wbs-MH03AR5549_00000.xml,1298,4000,712,1612
D:/Devi/Singularis Software Technologies/numberplate_detection/annot\car-wbs-MH03BS7778_00000.xml,136,389,103,170
D:/Devi/Singularis Software Technologies/numberplate_detection/annot\car-wbs-MH03BS7778_00001.xml,300,554,313,383
D:/Devi/Singularis Software Technologies/numberplate_detection/annot\car-wbs-MH03BS7778_00002.xml,255,472,421,466
D:/Devi/Singularis Software Technologies/numberplate_detection/annot\car-wbs-MH03CB6467_00000.xml,82,230,237,270
D:/Devi/Singularis Software Technologies/numberplate_detection/annot\car-wbs-MH04DW8351_00000.xml,129,277,177,213
D:/Devi/Singularis Software Technologies/numberplate_detection/annot\car-wbs-MH06AW8929_00000.xml,28,161,174,231
D:/Devi/Singularis Software Technologies/numberplate_detection/annot\car-wbs-MH06AW8929_00001.xml,192,364,131,179
D:/Devi/Singularis Software Technologies/numberplate_detection/annot\car-wbs-MH12BG7237_00000.xml,54,208,77,112
D:/Devi/Singularis Software Technologies/numberplate_detection/annot\car-wbs-MH12DE1433_00000.xml,157,286,139,185
D:/Devi/Singularis Software Technologies/numberplate_detection/annot\car-wbs-MH12DE1433_00001.xml,168,905,128,314
D:/Devi/Singularis Software Technologies/numberplate_detection/annot\car-wbs-MH12FU1014_00000.xml,88,192,184,214
D:/Devi/Singularis Software Technologies/numberplate_detection/annot\car-wbs-MH12JC2813_00000.xml,136,343,157,205
D:/Devi/Singularis Software Technologies/numberplate_detection/annot\car-wbs-MH12NE8922_00000.xml,49,176,124,161
D:/Devi/Singularis Software Technologies/numberplate_detection/annot\car-wbs-MH14DT8831_00000.xml,30,345,30,109
D:/Devi/Singularis Software Technologies/numberplate_detection/annot\car-wbs-MH14DX9937_00000.xml,226,322,168,205
D:/Devi/Singularis Software Technologies/numberplate_detection/annot\car-wbs-MH14EH5819_00000.xml,298,403,195,226
D:/Devi/Singularis Software Technologies/numberplate_detection/annot\car-wbs-MH14EH7958_00000.xml,229,409,331,373
D:/Devi/Singularis Software Technologies/numberplate_detection/annot\car-wbs-MH14EH7958_00001.xml,78,248,74,112
D:/Devi/Singularis Software Technologies/numberplate_detection/annot\car-wbs-MH14EP4660_00000.xml,103,221,174,204
D:/Devi/Singularis Software Technologies/numberplate_detection/annot\car-wbs-MH14EU3498_00000.xml,63,276,94,146
D:/Devi/Singularis Software Technologies/numberplate_detection/annot\car-wbs-MH15BD8877_00000.xml,97,201,181,209
D:/Devi/Singularis Software Technologies/numberplate_detection/annot\car-wbs-MH20BN3525_00000.xml,112,286,199,239
D:/Devi/Singularis Software Technologies/numberplate_detection/annot\car-wbs-MH20BN3525_00001.xml,163,364,238,284
D:/Devi/Singularis Software Technologies/numberplate_detection/annot\car-wbs-MH20BQ20_00000.xml,144,322,113,162
D:/Devi/Singularis Software Technologies/numberplate_detection/annot\car-wbs-MH20BY3665_00000.xml,185,323,115,147
D:/Devi/Singularis Software Technologies/numberplate_detection/annot\car-wbs-MH20BY3665_00001.xml,43,179,14,43
D:/Devi/Singularis Software Technologies/numberplate_detection/annot\car-wbs-MH20BY4465_00000.xml,62,138,130,154
D:/Devi/Singularis Software Technologies/numberplate_detection/annot\car-wbs-MH20CS1938_00000.xml,115,176,135,155
D:/Devi/Singularis Software Technologies/numberplate_detection/annot\car-wbs-MH20CS1941_00000.xml,111,226,183,209
D:/Devi/Singularis Software Technologies/numberplate_detection/annot\car-wbs-MH20CS1941_00001.xml,214,425,124,167
D:/Devi/Singularis Software Technologies/numberplate_detection/annot\car-wbs-MH20CS4946_00000.xml,167,276,175,198
D:/Devi/Singularis Software Technologies/numberplate_detection/annot\car-wbs-MH20CS9817_00000.xml,68,252,85,128
D:/Devi/Singularis Software Technologies/numberplate_detection/annot\car-wbs-MH20DJ0419_00000.xml,34,174,155,198
D:/Devi/Singularis Software Technologies/numberplate_detection/annot\car-wbs-MH20DV2362_00000.xml,23,208,144,174
D:/Devi/Singularis Software Technologies/numberplate_detection/annot\car-wbs-MH20EE045_00000.xml,170,305,115,148
D:/Devi/Singularis Software Technologies/numberplate_detection/annot\car-wbs-MH20EE0943_00000.xml,104,231,279,312
D:/Devi/Singularis Software Technologies/numberplate_detection/annot\car-wbs-MH20EE7597_00000.xml,523,1775,983,1280
D:/Devi/Singularis Software Technologies/numberplate_detection/annot\car-wbs-MH20EE7598_00000.xml,127,279,160,208
D:/Devi/Singularis Software Technologies/numberplate_detection/annot\car-wbs-MH20EE7598_00001.xml,59,212,237,274
D:/Devi/Singularis Software Technologies/numberplate_detection/annot\car-wbs-MH20EJ0364_00000.xml,53,205,152,192
D:/Devi/Singularis Software Technologies/numberplate_detection/annot\car-wbs-MH21V9926_00000.xml,101,223,357,386
D:/Devi/Singularis Software Technologies/numberplate_detection/annot\car-wbs-MH43AF5037_00000.xml,196,320,177,218
D:/Devi/Singularis Software Technologies/numberplate_detection/annot\car-wbs-MH43BU2401_00000.xml,585,756,191,239
D:/Devi/Singularis Software Technologies/numberplate_detection/annot\car-wbs-MH46BV0688_00000.xml,347,655,386,450
D:/Devi/Singularis Software Technologies/numberplate_detection/annot\car-wbs-MH46X9996_00000.xml,126,265,317,353
D:/Devi/Singularis Software Technologies/numberplate_detection/annot\car-wbs-PB08CX2959_00000.xml,95,310,420,475
D:/Devi/Singularis Software Technologies/numberplate_detection/annot\car-wbs-RJ02CC0784_00000.xml,70,166,262,284
D:/Devi/Singularis Software Technologies/numberplate_detection/annot\car-wbs-TN07BU5427_00000.xml,18,202,230,275
D:/Devi/Singularis Software Technologies/numberplate_detection/annot\car-wbs-TN07BU5427_00001.xml,123,373,518,578
D:/Devi/Singularis Software Technologies/numberplate_detection/annot\car-wbs-TN07BV5200_00000.xml,66,238,360,406
D:/Devi/Singularis Software Technologies/numberplate_detection/annot\car-wbs-TN09CH7770_00000.xml,120,235,19,54
D:/Devi/Singularis Software Technologies/numberplate_detection/annot\car-wbs-TN19S4523_00000.xml,152,214,181,194
D:/Devi/Singularis Software Technologies/numberplate_detection/annot\car-wbs-TN21AT0479_00000.xml,225,301,312,337
D:/Devi/Singularis Software Technologies/numberplate_detection/annot\car-wbs-TN21AT0480_00000.xml,186,390,321,373
D:/Devi/Singularis Software Technologies/numberplate_detection/annot\car-wbs-TN21AT0480_00001.xml,102,239,323,371
D:/Devi/Singularis Software Technologies/numberplate_detection/annot\car-wbs-TN21AT0492_00000.xml,420,590,324,414
D:/Devi/Singularis Software Technologies/numberplate_detection/annot\car-wbs-TN21AU1153_00000.xml,65,136,216,244
D:/Devi/Singularis Software Technologies/numberplate_detection/annot\car-wbs-TN21BC6225_00000.xml,42,146,120,146
D:/Devi/Singularis Software Technologies/numberplate_detection/annot\car-wbs-TN21BY0166_00000.xml,98,147,102,132
D:/Devi/Singularis Software Technologies/numberplate_detection/annot\car-wbs-TN21BZ0768_00000.xml,117,190,204,229
D:/Devi/Singularis Software Technologies/numberplate_detection/annot\car-wbs-TN21BZ0768_00001.xml,79,121,116,128
D:/Devi/Singularis Software Technologies/numberplate_detection/annot\car-wbs-TN28BA9999_00000.xml,188,375,422,464
D:/Devi/Singularis Software Technologies/numberplate_detection/annot\car-wbs-TN37CR4019_00000.xml,101,295,270,362
D:/Devi/Singularis Software Technologies/numberplate_detection/annot\car-wbs-TN38BW1139_00000.xml,41,305,134,200
D:/Devi/Singularis Software Technologies/numberplate_detection/annot\car-wbs-TN38BY4191_00000.xml,97,228,226,258
D:/Devi/Singularis Software Technologies/numberplate_detection/annot\car-wbs-TN42R2697_00000.xml,7,526,79,187
D:/Devi/Singularis Software Technologies/numberplate_detection/annot\car-wbs-TN45BA1065_00000.xml,94,194,85,109
D:/Devi/Singularis Software Technologies/numberplate_detection/annot\car-wbs-TN52U1580_00000.xml,40,252,241,295
D:/Devi/Singularis Software Technologies/numberplate_detection/annot\car-wbs-TN58AM1_00000.xml,170,372,390,441
D:/Devi/Singularis Software Technologies/numberplate_detection/annot\car-wbs-TN59BE0939_00000.xml,209,325,463,487
D:/Devi/Singularis Software Technologies/numberplate_detection/annot\car-wbs-TN66U8215_00000.xml,52,401,89,176
D:/Devi/Singularis Software Technologies/numberplate_detection/annot\car-wbs-TN74AH1413_00000.xml,41,149,224,251
D:/Devi/Singularis Software Technologies/numberplate_detection/annot\car-wbs-TN74AL5074_00000.xml,179,375,116,184
D:/Devi/Singularis Software Technologies/numberplate_detection/annot\car-wbs-TN74F3339_00000.xml,231,310,187,212
D:/Devi/Singularis Software Technologies/numberplate_detection/annot\car-wbs-TN99F2378_00000.xml,83,242,25,64
D:/Devi/Singularis Software Technologies/numberplate_detection/annot\car-wbs-TS08ER1643_00000.xml,1,466,27,147
D:/Devi/Singularis Software Technologies/numberplate_detection/annot\car-wbs-UP16CT2233_00000.xml,180,343,586,619
D:/Devi/Singularis Software Technologies/numberplate_detection/annot\car-wbs-UP32FH2653_00000.xml,311,442,304,357
D:/Devi/Singularis Software Technologies/numberplate_detection/annot\car-wbs-UP50AS4535_00000.xml,397,613,428,489
D:/Devi/Singularis Software Technologies/numberplate_detection/annot\car-wbs-WB74X7605_00000.xml,84,165,122,160
D:/Devi/Singularis Software Technologies/numberplate_detection/annot\car-ybs-MH43BP8173_00000.xml,181,329,351,399
D:/Devi/Singularis Software Technologies/numberplate_detection/annot\car-ybs-MH46AD5258_00000.xml,203,341,160,199
D:/Devi/Singularis Software Technologies/numberplate_detection/annot\car-ybs-MH46AD5258_00001.xml,155,302,154,195
D:/Devi/Singularis Software Technologies/numberplate_detection/annot\car-ybs-MH46BF2342_00000.xml,184,411,115,176
D:/Devi/Singularis Software Technologies/numberplate_detection/annot\car-ybs-MH47N4570_00000.xml,155,311,239,285
D:/Devi/Singularis Software Technologies/numberplate_detection/annot\car-ybs-MH47N4570_00001.xml,229,477,326,398
D:/Devi/Singularis Software Technologies/numberplate_detection/annot\car-ybs-MH47N4570_00002.xml,218,469,332,403
D:/Devi/Singularis Software Technologies/numberplate_detection/annot\cars434.xml,296,413,312,339
D:/Devi/Singularis Software Technologies/numberplate_detection/annot\cars435.xml,510,667,467,521
D:/Devi/Singularis Software Technologies/numberplate_detection/annot\cars436.xml,311,367,346,358
D:/Devi/Singularis Software Technologies/numberplate_detection/annot\cars437.xml,232,343,363,398
D:/Devi/Singularis Software Technologies/numberplate_detection/annot\cars438.xml,130,182,140,153
D:/Devi/Singularis Software Technologies/numberplate_detection/annot\cars439.xml,122,149,195,208
D:/Devi/Singularis Software Technologies/numberplate_detection/annot\cbd81ff4-fc2a-4cd5-bed6-0fef4c456caa___226616d1495986750-zoomcar-review-mahindra-scorpio-s4-09-pamban.jpg.xml,807,1088,748,846
D:/Devi/Singularis Software Technologies/numberplate_detection/annot\cc80e5c6-2cb7-40f7-a072-3f4cb5a56c65___Dileep_Car_Innova_1.jpg.xml,424,896,762,937
D:/Devi/Singularis Software Technologies/numberplate_detection/annot\cd506968-8676-4df3-9150-d1c2e618f4c2___3e7fd381-0ae5-4421-8a70-279ee0ec1c61_nissan-note-india-testing_827x510_81508219864.xml,345,578,269,328
D:/Devi/Singularis Software Technologies/numberplate_detection/annot\cf011553-f802-4b11-99ec-6e03d731b646___new_2014-VW-Polo-facelift-spied-India-rear.jpg.xml,197,375,320,357
D:/Devi/Singularis Software Technologies/numberplate_detection/annot\d1115e64-987f-4a72-b9bb-853f67ca37b6___new_2014-Volkswagen-Polo-Review.jpg.xml,159,329,259,297
D:/Devi/Singularis Software Technologies/numberplate_detection/annot\d16041c1-831d-4cc9-8869-68be8b6e12d7___slider-new-2.jpg.xml,809,1031,240,301
D:/Devi/Singularis Software Technologies/numberplate_detection/annot\d3d2cbaa-f24a-4cb7-a236-53fa514816b4___new_2017-Skoda-Rapid-Diesel-DSG-Review-6.jpg.xml,244,378,114,149
D:/Devi/Singularis Software Technologies/numberplate_detection/annot\d4bec046-caac-4e59-bd05-44de2232d83b___2017-Skoda-Octavia-Front.jpg.xml,215,345,148,192
D:/Devi/Singularis Software Technologies/numberplate_detection/annot\d5ddd1e6-56ca-4991-994e-cb78fe836a47___3e7fd381-0ae5-4421-8a70-279ee0ec1c61_2013-Nissan-Terrano-Review.xml,451,592,343,391
D:/Devi/Singularis Software Technologies/numberplate_detection/annot\d779f6f0-5731-48ed-bd43-836a3f7f2013___product-500x5000.xml,230,418,121,179
D:/Devi/Singularis Software Technologies/numberplate_detection/annot\d88b7b9c-a4f4-4af6-af3d-b3017e114e0d___146292-maruti-suzuki-wagon-r-stingray-vxi-ownership-review-dsc_01691.jpg.xml,169,416,210,267
D:/Devi/Singularis Software Technologies/numberplate_detection/annot\d9023f53-f90d-4b98-bd52-30796777ddcf___Maruti-Suzuki-Baleno-hatchback-56545.jpg.xml,224,307,156,182
D:/Devi/Singularis Software Technologies/numberplate_detection/annot\db4f467d-2d9e-4567-ab68-fce4a8689562___maxresdefault7.jpg.xml,1023,1263,605,678
D:/Devi/Singularis Software Technologies/numberplate_detection/annot\dc8bb609-7086-431b-9c8b-9520975dabd2___822716205_6_1080x720_maruti-suzuki-ciaz-make-year-2014-petrol-.jpg.xml,214,331,134,167
D:/Devi/Singularis Software Technologies/numberplate_detection/annot\dd58e02d-51a5-4bfd-87af-ff51c576086e___2014-mahindra-scorpio-suv-10.jpg.xml,645,840,456,548
D:/Devi/Singularis Software Technologies/numberplate_detection/annot\df2f7a76-d701-468f-b54a-c5d63d13b349___CM-Akhilesh-Number-Plate.jpg.xml,308,567,196,272
D:/Devi/Singularis Software Technologies/numberplate_detection/annot\dfafd4ef-5592-41d9-9cbb-fa6a4e03831e___IMG_9082.jpg.xml,202,609,88,183
D:/Devi/Singularis Software Technologies/numberplate_detection/annot\dfebb432-82cd-4154-b919-0d8be2c0d85a___5e4697c6f639f3f341b2feb170d72795af3fc998.jpg.xml,142,320,197,249
D:/Devi/Singularis Software Technologies/numberplate_detection/annot\dfedf2ad-6596-48d4-a7f6-171e55c8f637___1160575d1383218860-high-security-registration-plates-hsrp-india-wp_20131030_16_01_22_pro.jpg.xml,682,935,378,581
D:/Devi/Singularis Software Technologies/numberplate_detection/annot\e1d7921f-5e58-46c7-b4f9-9fd4585508f1___IMG_9072.jpg.xml,444,640,262,346
D:/Devi/Singularis Software Technologies/numberplate_detection/annot\e204c50d-b861-4f68-827f-575351d150b4___Maruti-Baleno-RS-4.jpg.xml,24,143,208,247
D:/Devi/Singularis Software Technologies/numberplate_detection/annot\e29b6eea-504a-4da2-8503-5bd3443f3bd8___maruti-suzuki-wagon-r-front-left-rim.jpg.xml,119,185,104,131
D:/Devi/Singularis Software Technologies/numberplate_detection/annot\e354039f-d73c-4f12-9df5-f0129345fa79___scorpio.JPG.xml,152,252,194,218
D:/Devi/Singularis Software Technologies/numberplate_detection/annot\e4907f73-1fbc-412c-a766-9c81bb31449c___2016-Chevrolet-TrailBlazer-India-Test-Drive-Review-e1442832290349.jpg.xml,62,175,299,334
D:/Devi/Singularis Software Technologies/numberplate_detection/annot\e53076d3-c3b7-47b8-8c63-30a08b8ad983___40213__Maruti_Suzuki_Swift--016.JPG.xml,160,331,260,300
D:/Devi/Singularis Software Technologies/numberplate_detection/annot\e54fb93b-020f-4c55-b4db-86e17ba9b9e0___2014-VW-Polo-facelift-rear-spotted-testing-in-Pune-India.jpg.xml,135,195,206,224
D:/Devi/Singularis Software Technologies/numberplate_detection/annot\e663fa35-ce3c-401d-8451-30edd236b3e4___maxresdefault2.jpg.xml,374,753,266,442
D:/Devi/Singularis Software Technologies/numberplate_detection/annot\e706cec0-783a-42bc-b934-64788481cd92___4-Innova-After-2.jpg.xml,175,323,177,212
D:/Devi/Singularis Software Technologies/numberplate_detection/annot\e719f39b-e8dd-4fe0-9a41-71123932a486___226676869_4_1000x700_maruti-suzuki-wagon-r-duo-petrol-120000-kms-2007-year-cars_rev001.jpg.xml,134,277,215,253
D:/Devi/Singularis Software Technologies/numberplate_detection/annot\e750b959-1b5a-41bf-bf64-d8099089e909___3e7fd381-0ae5-4421-8a70-279ee0ec1c61_Nissan-Terrano-Duster-launch-dare-pics-price-interiors-images-1.xml,301,563,354,433
D:/Devi/Singularis Software Technologies/numberplate_detection/annot\e77e5db3-2bc6-4223-a258-2334256be65e___new_205356-maruti-swift-torque-blue-vdi-ddis-glistening-rockstar-enters-home-img_7531.jpg.xml,115,376,133,199
D:/Devi/Singularis Software Technologies/numberplate_detection/annot\e7a86597-7251-4e9b-9469-cd873fe6736f___Honda-Jazz-Number-Plates-Designs.jpg.xml,180,432,127,252
D:/Devi/Singularis Software Technologies/numberplate_detection/annot\e82fc408-a209-4221-9f6d-742b4b9d4c70___3e7fd381-0ae5-4421-8a70-279ee0ec1c61_848803268_2_1080x720_nissan-terrano-xl-d-plus-2014-diesel-upload-photos.xml,309,442,303,356
D:/Devi/Singularis Software Technologies/numberplate_detection/annot\ec4bde57-11dd-4d59-96ae-b5d3b28afda5___Maruti-Suzuki-Celerio-Back-Number-Plates-Design.jpg.xml,110,418,190,261
D:/Devi/Singularis Software Technologies/numberplate_detection/annot\ed6ee171-691a-4563-a79d-4f47d8ce9f85___Maruti-Suzuki-SCross-Exterior-80675.jpg.xml,124,400,270,331
D:/Devi/Singularis Software Technologies/numberplate_detection/annot\ed9cd3b2-76a2-4cc8-9e4e-76d50ad1ff68___maruti-suzuki-wagon-r-hood-open-view.jpg.xml,122,226,265,290
D:/Devi/Singularis Software Technologies/numberplate_detection/annot\ef2dc97f-bc6d-49a3-9ddb-03f54f3a20e7___Skoda-Rapid-new-Exterior-84398.jpg.xml,211,339,278,309
D:/Devi/Singularis Software Technologies/numberplate_detection/annot\f16274c4-0d3d-4c85-9dcc-5ac71734b281___speedex-number-plates-nandanam-chennai-car-number-plate-dealers-1ofla74.jpg.xml,176,564,214,322
D:/Devi/Singularis Software Technologies/numberplate_detection/annot\f20708c6-14cd-46ff-b8f1-6faef5fd8d2d___3e7fd381-0ae5-4421-8a70-279ee0ec1c61_Nissan-Terrano-20346.xml,153,412,230,296
D:/Devi/Singularis Software Technologies/numberplate_detection/annot\f265077a-611f-4a18-abe5-46518b1756e6___1232700-take-look-number-plate-uploadfromtaptalk1398055489406.jpg.xml,357,495,375,432
D:/Devi/Singularis Software Technologies/numberplate_detection/annot\f59d42f8-dc55-4b60-bb91-c2db3644f2ff___841309873_1_1080x720_mahindra-scorpio-vlx-airbags-bs-iii-2012-diesel-.jpg.xml,387,592,395,442
D:/Devi/Singularis Software Technologies/numberplate_detection/annot\f5bbb8da-dddd-47ae-a46c-15492f9cf752___3e7fd381-0ae5-4421-8a70-279ee0ec1c61_10187746544_0c0822790e - Copy.xml,104,155,185,197
D:/Devi/Singularis Software Technologies/numberplate_detection/annot\f5bbb8da-dddd-47ae-a46c-15492f9cf752___3e7fd381-0ae5-4421-8a70-279ee0ec1c61_10187746544_0c0822790e.xml,113,135,205,220
D:/Devi/Singularis Software Technologies/numberplate_detection/annot\f685e6cf-3a12-42ac-94d7-28cdf129b266___maxresdefault1.jpg.xml,18,415,19,488
D:/Devi/Singularis Software Technologies/numberplate_detection/annot\f7621229-eebc-4dff-aef8-e79fac571be4___Skoda-Octavia-5.jpg.xml,185,247,209,231
D:/Devi/Singularis Software Technologies/numberplate_detection/annot\f7ba7a93-e8d7-4253-b327-d87e3f2bb747___3e7fd381-0ae5-4421-8a70-279ee0ec1c61_2013-Nissan-Terrano-Rear.xml,637,793,308,365
D:/Devi/Singularis Software Technologies/numberplate_detection/annot\f8a992cc-a1cc-4d68-88c1-bec1a46fc148___Honda-City-Number-Plates-Design.jpg.xml,181,385,359,413
D:/Devi/Singularis Software Technologies/numberplate_detection/annot\f94e9bcf-ec4a-418a-8685-14b71b82a039___3e7fd381-0ae5-4421-8a70-279ee0ec1c61_848126147_1_1080x720_nissan-terrano-xl-d-plus-2014-diesel-surat.xml,128,243,299,329
D:/Devi/Singularis Software Technologies/numberplate_detection/annot\f9e27b82-9e65-44ba-bf9a-b3ced8901937___Skoda-Superb-Exterior-deadfront-69204.jpg.xml,202,389,191,225
D:/Devi/Singularis Software Technologies/numberplate_detection/annot\fac9f4e6-c4b9-4872-86da-79d58ea2adc5___5273.jpg - Copy.xml,94,172,219,236
D:/Devi/Singularis Software Technologies/numberplate_detection/annot\fac9f4e6-c4b9-4872-86da-79d58ea2adc5___5273.jpg.xml,137,211,152,173
D:/Devi/Singularis Software Technologies/numberplate_detection/annot\fb939bb1-5257-4879-bafb-539472ffb73d___Maruti-Suzuki-Brezza-Number-Plates-Design.jpg.xml,187,336,214,253
D:/Devi/Singularis Software Technologies/numberplate_detection/annot\fbb2b3ed-4db1-4d4c-8d4d-4b80b02bfd2a___3e7fd381-0ae5-4421-8a70-279ee0ec1c61_01640f5edbbfb564a9ab6486b31d1554_large.xml,98,148,106,119
D:/Devi/Singularis Software Technologies/numberplate_detection/annot\fbc107b7-13d8-4a2d-b8be-7c96bd7d609c___new_9214a754343030395508e104d7948167_large.jpg.xml,107,280,347,387
D:/Devi/Singularis Software Technologies/numberplate_detection/annot\fc1f58f0-2f54-4545-8915-2936d08dcce1___new_Skoda_Laura_DSG_Long_Term_Review-125.jpg.xml,179,352,235,274
D:/Devi/Singularis Software Technologies/numberplate_detection/annot\fcabfaf7-160a-44bc-a543-9faee4c1c4cd___Honda-Jazz-Front-Number-Plates-Designs.jpg.xml,57,600,82,187
D:/Devi/Singularis Software Technologies/numberplate_detection/annot\fd0140cc-e887-43b8-a439-24877ea77670___Maruti-Suzuki-Baleno-Number-Plates-Design.jpg.xml,150,370,131,189
D:/Devi/Singularis Software Technologies/numberplate_detection/annot\fda5760a-c6ff-43a9-8ce7-61e808f109ea___3e7fd381-0ae5-4421-8a70-279ee0ec1c61_nissan_terrano_ii_nissan_terrano_ii_2_7_tdi_se_4x4_3330085523722771900.xml,468,547,287,349
D:/Devi/Singularis Software Technologies/numberplate_detection/annot\fe3c95e4-7bd4-40f5-98a9-9fc635957d9c___3e7fd381-0ae5-4421-8a70-279ee0ec1c61_Baleno-Number-Plates-Design.xml,312,670,431,535
D:/Devi/Singularis Software Technologies/numberplate_detection/annot\KL10.xml,58,130,201,230
D:/Devi/Singularis Software Technologies/numberplate_detection/annot\KL11.xml,92,179,242,261
D:/Devi/Singularis Software Technologies/numberplate_detection/annot\KL14.xml,154,223,224,261
D:/Devi/Singularis Software Technologies/numberplate_detection/annot\KL15.xml,141,223,225,259
D:/Devi/Singularis Software Technologies/numberplate_detection/annot\KL16.xml,95,179,222,242
D:/Devi/Singularis Software Technologies/numberplate_detection/annot\KL19.xml,104,155,120,131
D:/Devi/Singularis Software Technologies/numberplate_detection/annot\KL3.xml,39,87,216,243
D:/Devi/Singularis Software Technologies/numberplate_detection/annot\KL4.xml,86,161,232,248
D:/Devi/Singularis Software Technologies/numberplate_detection/annot\KL5.xml,100,162,158,171
D:/Devi/Singularis Software Technologies/numberplate_detection/annot\KL6.xml,91,169,229,244
D:/Devi/Singularis Software Technologies/numberplate_detection/annot\KL7.xml,113,162,134,146
D:/Devi/Singularis Software Technologies/numberplate_detection/annot\KL8.xml,124,200,207,223
D:/Devi/Singularis Software Technologies/numberplate_detection/annot\KL9.xml,104,181,188,201
D:/Devi/Singularis Software Technologies/numberplate_detection/annot\video10_1060.xml,181,312,171,206
D:/Devi/Singularis Software Technologies/numberplate_detection/annot\video10_1070.xml,197,357,262,301
D:/Devi/Singularis Software Technologies/numberplate_detection/annot\video10_1080.xml,632,841,341,400
D:/Devi/Singularis Software Technologies/numberplate_detection/annot\video10_110.xml,115,207,599,631
D:/Devi/Singularis Software Technologies/numberplate_detection/annot\video10_120.xml,94,201,620,658
D:/Devi/Singularis Software Technologies/numberplate_detection/annot\video10_1200.xml,698,1070,261,348
D:/Devi/Singularis Software Technologies/numberplate_detection/annot\video10_1210.xml,571,948,316,415
D:/Devi/Singularis Software Technologies/numberplate_detection/annot\video10_1220.xml,660,1039,508,599
D:/Devi/Singularis Software Technologies/numberplate_detection/annot\video10_1230.xml,716,1101,672,769
D:/Devi/Singularis Software Technologies/numberplate_detection/annot\video10_1240.xml,720,1104,564,656
D:/Devi/Singularis Software Technologies/numberplate_detection/annot\video10_1250.xml,670,1058,674,773
D:/Devi/Singularis Software Technologies/numberplate_detection/annot\video10_1260.xml,646,1036,594,694
D:/Devi/Singularis Software Technologies/numberplate_detection/annot\video10_1270.xml,558,956,521,619
D:/Devi/Singularis Software Technologies/numberplate_detection/annot\video10_1280.xml,377,782,515,618
D:/Devi/Singularis Software Technologies/numberplate_detection/annot\video10_1290.xml,146,558,534,639
D:/Devi/Singularis Software Technologies/numberplate_detection/annot\video10_130.xml,106,226,587,624
D:/Devi/Singularis Software Technologies/numberplate_detection/annot\video10_1390.xml,798,994,571,614
D:/Devi/Singularis Software Technologies/numberplate_detection/annot\video10_140.xml,188,325,302,344
D:/Devi/Singularis Software Technologies/numberplate_detection/annot\video10_1420.xml,107,341,496,564
D:/Devi/Singularis Software Technologies/numberplate_detection/annot\video10_150.xml,138,289,521,568
D:/Devi/Singularis Software Technologies/numberplate_detection/annot\video10_160.xml,160,333,356,412
D:/Devi/Singularis Software Technologies/numberplate_detection/annot\video10_170.xml,207,401,652,728
D:/Devi/Singularis Software Technologies/numberplate_detection/annot\video10_1700.xml,471,1190,421,611
D:/Devi/Singularis Software Technologies/numberplate_detection/annot\video10_1710.xml,37,934,197,427
D:/Devi/Singularis Software Technologies/numberplate_detection/annot\video10_180.xml,151,386,787,886
D:/Devi/Singularis Software Technologies/numberplate_detection/annot\video10_640.xml,184,286,178,210
D:/Devi/Singularis Software Technologies/numberplate_detection/annot\video10_650.xml,286,394,159,194
D:/Devi/Singularis Software Technologies/numberplate_detection/annot\video10_660.xml,228,341,164,201
D:/Devi/Singularis Software Technologies/numberplate_detection/annot\video10_670.xml,272,390,175,218
D:/Devi/Singularis Software Technologies/numberplate_detection/annot\video10_690.xml,746,1090,400,525
D:/Devi/Singularis Software Technologies/numberplate_detection/annot\video10_710.xml,675,1060,145,280
D:/Devi/Singularis Software Technologies/numberplate_detection/annot\video10_720.xml,793,1208,413,565
D:/Devi/Singularis Software Technologies/numberplate_detection/annot\video10_760.xml,502,663,349,392
D:/Devi/Singularis Software Technologies/numberplate_detection/annot\video10_770.xml,498,659,392,441
D:/Devi/Singularis Software Technologies/numberplate_detection/annot\video10_830.xml,7,672,374,527
D:/Devi/Singularis Software Technologies/numberplate_detection/annot\video10_850.xml,247,389,406,448
D:/Devi/Singularis Software Technologies/numberplate_detection/annot\video10_860.xml,556,688,311,351
D:/Devi/Singularis Software Technologies/numberplate_detection/annot\video10_870.xml,872,998,268,305
D:/Devi/Singularis Software Technologies/numberplate_detection/annot\video10_880.xml,669,787,201,237
D:/Devi/Singularis Software Technologies/numberplate_detection/annot\video10_890.xml,580,692,306,338
D:/Devi/Singularis Software Technologies/numberplate_detection/annot\video10_900.xml,571,679,192,221
D:/Devi/Singularis Software Technologies/numberplate_detection/annot\video10_910.xml,907,1010,542,576
D:/Devi/Singularis Software Technologies/numberplate_detection/annot\video10_920.xml,1000,1101,587,619
D:/Devi/Singularis Software Technologies/numberplate_detection/annot\video10_930.xml,408,503,626,658
D:/Devi/Singularis Software Technologies/numberplate_detection/annot\video10_940.xml,341,433,208,235
D:/Devi/Singularis Software Technologies/numberplate_detection/annot\video10_950.xml,355,447,190,219
D:/Devi/Singularis Software Technologies/numberplate_detection/annot\video10_960.xml,284,371,170,192
D:/Devi/Singularis Software Technologies/numberplate_detection/annot\video10_970.xml,346,430,177,200
D:/Devi/Singularis Software Technologies/numberplate_detection/annot\video10_980.xml,345,426,192,216
D:/Devi/Singularis Software Technologies/numberplate_detection/annot\video10_990.xml,249,327,133,156
D:/Devi/Singularis Software Technologies/numberplate_detection/annot\video11_1000.xml,266,646,568,676
D:/Devi/Singularis Software Technologies/numberplate_detection/annot\video11_1010.xml,309,685,557,666
D:/Devi/Singularis Software Technologies/numberplate_detection/annot\video11_1020.xml,298,674,556,658
D:/Devi/Singularis Software Technologies/numberplate_detection/annot\video11_1030.xml,281,651,583,685
D:/Devi/Singularis Software Technologies/numberplate_detection/annot\video11_1040.xml,280,650,604,707
D:/Devi/Singularis Software Technologies/numberplate_detection/annot\video11_1050.xml,298,671,608,720
D:/Devi/Singularis Software Technologies/numberplate_detection/annot\video11_1060.xml,279,649,574,677
D:/Devi/Singularis Software Technologies/numberplate_detection/annot\video11_1070.xml,248,622,530,635
D:/Devi/Singularis Software Technologies/numberplate_detection/annot\video11_1080.xml,305,677,476,590
D:/Devi/Singularis Software Technologies/numberplate_detection/annot\video11_1100.xml,317,685,424,537
D:/Devi/Singularis Software Technologies/numberplate_detection/annot\video11_1110.xml,311,686,493,612
D:/Devi/Singularis Software Technologies/numberplate_detection/annot\video11_1120.xml,392,768,540,662
D:/Devi/Singularis Software Technologies/numberplate_detection/annot\video11_1130.xml,197,577,524,639
D:/Devi/Singularis Software Technologies/numberplate_detection/annot\video11_1140.xml,274,647,498,598
D:/Devi/Singularis Software Technologies/numberplate_detection/annot\video11_1150.xml,268,640,487,582
D:/Devi/Singularis Software Technologies/numberplate_detection/annot\video11_1160.xml,272,645,470,575
D:/Devi/Singularis Software Technologies/numberplate_detection/annot\video11_1170.xml,101,249,417,479
D:/Devi/Singularis Software Technologies/numberplate_detection/annot\video11_1180.xml,90,233,455,526
D:/Devi/Singularis Software Technologies/numberplate_detection/annot\video11_1230.xml,266,628,486,605
D:/Devi/Singularis Software Technologies/numberplate_detection/annot\video11_1240.xml,957,1357,445,581
D:/Devi/Singularis Software Technologies/numberplate_detection/annot\video11_1250.xml,298,756,535,699
D:/Devi/Singularis Software Technologies/numberplate_detection/annot\video11_1270.xml,153,313,395,432
D:/Devi/Singularis Software Technologies/numberplate_detection/annot\video11_1280.xml,189,354,429,469
D:/Devi/Singularis Software Technologies/numberplate_detection/annot\video11_1290.xml,164,334,500,538
D:/Devi/Singularis Software Technologies/numberplate_detection/annot\video11_1300.xml,236,319,385,409
D:/Devi/Singularis Software Technologies/numberplate_detection/annot\video11_1310.xml,218,413,564,613
D:/Devi/Singularis Software Technologies/numberplate_detection/annot\video11_1320.xml,287,418,350,385
D:/Devi/Singularis Software Technologies/numberplate_detection/annot\video11_1330.xml,225,439,575,633
D:/Devi/Singularis Software Technologies/numberplate_detection/annot\video11_1340.xml,262,498,602,663
D:/Devi/Singularis Software Technologies/numberplate_detection/annot\video11_1350.xml,243,496,630,699
D:/Devi/Singularis Software Technologies/numberplate_detection/annot\video11_1360.xml,182,457,716,795
D:/Devi/Singularis Software Technologies/numberplate_detection/annot\video11_1440.xml,175,342,339,391
D:/Devi/Singularis Software Technologies/numberplate_detection/annot\video11_1560.xml,218,352,192,230
D:/Devi/Singularis Software Technologies/numberplate_detection/annot\video11_1570.xml,128,266,231,273
D:/Devi/Singularis Software Technologies/numberplate_detection/annot\video11_1580.xml,176,316,277,317
D:/Devi/Singularis Software Technologies/numberplate_detection/annot\video11_1590.xml,220,358,308,351
D:/Devi/Singularis Software Technologies/numberplate_detection/annot\video11_1600.xml,230,374,306,351
D:/Devi/Singularis Software Technologies/numberplate_detection/annot\video11_1610.xml,192,332,183,226
D:/Devi/Singularis Software Technologies/numberplate_detection/annot\video11_1620.xml,135,269,215,259
D:/Devi/Singularis Software Technologies/numberplate_detection/annot\video11_1630.xml,147,279,298,340
D:/Devi/Singularis Software Technologies/numberplate_detection/annot\video11_1640.xml,185,316,238,281
D:/Devi/Singularis Software Technologies/numberplate_detection/annot\video11_1650.xml,174,299,177,217
D:/Devi/Singularis Software Technologies/numberplate_detection/annot\video11_1660.xml,210,332,216,255
D:/Devi/Singularis Software Technologies/numberplate_detection/annot\video11_1670.xml,210,328,220,255
D:/Devi/Singularis Software Technologies/numberplate_detection/annot\video11_1680.xml,219,331,249,280
D:/Devi/Singularis Software Technologies/numberplate_detection/annot\video11_1690.xml,111,221,222,255
D:/Devi/Singularis Software Technologies/numberplate_detection/annot\video11_1840.xml,338,660,573,691
D:/Devi/Singularis Software Technologies/numberplate_detection/annot\video11_1850.xml,224,524,562,662
D:/Devi/Singularis Software Technologies/numberplate_detection/annot\video11_1860.xml,230,511,564,650
D:/Devi/Singularis Software Technologies/numberplate_detection/annot\video11_1870.xml,430,697,425,513
D:/Devi/Singularis Software Technologies/numberplate_detection/annot\video11_1880.xml,251,515,443,532
D:/Devi/Singularis Software Technologies/numberplate_detection/annot\video11_1890.xml,251,515,540,627
D:/Devi/Singularis Software Technologies/numberplate_detection/annot\video11_1900.xml,249,508,550,631
D:/Devi/Singularis Software Technologies/numberplate_detection/annot\video11_1910.xml,275,530,550,626
D:/Devi/Singularis Software Technologies/numberplate_detection/annot\video11_1920.xml,342,591,554,627
D:/Devi/Singularis Software Technologies/numberplate_detection/annot\video11_1930.xml,278,529,480,554
D:/Devi/Singularis Software Technologies/numberplate_detection/annot\video11_1940.xml,286,534,559,639
D:/Devi/Singularis Software Technologies/numberplate_detection/annot\video11_1980.xml,68,428,705,911
D:/Devi/Singularis Software Technologies/numberplate_detection/annot\video11_1990.xml,310,655,664,873
D:/Devi/Singularis Software Technologies/numberplate_detection/annot\video11_2000.xml,286,625,649,872
D:/Devi/Singularis Software Technologies/numberplate_detection/annot\video11_2010.xml,133,452,644,887
D:/Devi/Singularis Software Technologies/numberplate_detection/annot\video11_2040.xml,266,605,635,743
D:/Devi/Singularis Software Technologies/numberplate_detection/annot\video11_2050.xml,240,584,642,765
D:/Devi/Singularis Software Technologies/numberplate_detection/annot\video11_2060.xml,802,1171,636,761
D:/Devi/Singularis Software Technologies/numberplate_detection/annot\video11_2070.xml,475,861,641,781
D:/Devi/Singularis Software Technologies/numberplate_detection/annot\video11_2080.xml,144,551,676,817
D:/Devi/Singularis Software Technologies/numberplate_detection/annot\video11_210.xml,319,562,423,483
D:/Devi/Singularis Software Technologies/numberplate_detection/annot\video11_2180.xml,1127,1398,369,514
D:/Devi/Singularis Software Technologies/numberplate_detection/annot\video11_2190.xml,1198,1461,326,468
D:/Devi/Singularis Software Technologies/numberplate_detection/annot\video11_220.xml,386,684,603,673
D:/Devi/Singularis Software Technologies/numberplate_detection/annot\video11_2200.xml,1118,1379,356,496
D:/Devi/Singularis Software Technologies/numberplate_detection/annot\video11_2210.xml,975,1226,139,275
D:/Devi/Singularis Software Technologies/numberplate_detection/annot\video11_2220.xml,841,1083,183,324
D:/Devi/Singularis Software Technologies/numberplate_detection/annot\video11_2230.xml,222,456,99,240
D:/Devi/Singularis Software Technologies/numberplate_detection/annot\video11_2260.xml,168,416,192,338
D:/Devi/Singularis Software Technologies/numberplate_detection/annot\video11_2270.xml,133,412,147,309
D:/Devi/Singularis Software Technologies/numberplate_detection/annot\video11_2280.xml,190,483,137,315
D:/Devi/Singularis Software Technologies/numberplate_detection/annot\video11_2290.xml,599,884,190,371
D:/Devi/Singularis Software Technologies/numberplate_detection/annot\video11_2370.xml,115,244,155,238
D:/Devi/Singularis Software Technologies/numberplate_detection/annot\video11_2380.xml,289,423,58,132
D:/Devi/Singularis Software Technologies/numberplate_detection/annot\video11_2550.xml,194,442,185,358
D:/Devi/Singularis Software Technologies/numberplate_detection/annot\video11_2560.xml,298,530,216,354
D:/Devi/Singularis Software Technologies/numberplate_detection/annot\video11_2570.xml,234,449,158,291
D:/Devi/Singularis Software Technologies/numberplate_detection/annot\video11_2600.xml,198,438,137,206
D:/Devi/Singularis Software Technologies/numberplate_detection/annot\video11_2610.xml,216,466,195,269
D:/Devi/Singularis Software Technologies/numberplate_detection/annot\video11_2620.xml,227,495,311,389
D:/Devi/Singularis Software Technologies/numberplate_detection/annot\video11_2630.xml,245,541,398,488
D:/Devi/Singularis Software Technologies/numberplate_detection/annot\video11_2640.xml,139,297,205,248
D:/Devi/Singularis Software Technologies/numberplate_detection/annot\video11_2650.xml,129,297,190,238
D:/Devi/Singularis Software Technologies/numberplate_detection/annot\video11_2660.xml,174,353,172,222
D:/Devi/Singularis Software Technologies/numberplate_detection/annot\video11_2670.xml,185,378,112,164
D:/Devi/Singularis Software Technologies/numberplate_detection/annot\video11_2680.xml,158,371,178,239
D:/Devi/Singularis Software Technologies/numberplate_detection/annot\video11_2690.xml,202,435,259,327
D:/Devi/Singularis Software Technologies/numberplate_detection/annot\video11_2700.xml,191,449,249,331
D:/Devi/Singularis Software Technologies/numberplate_detection/annot\video11_2710.xml,226,514,302,395
D:/Devi/Singularis Software Technologies/numberplate_detection/annot\video11_2720.xml,173,498,316,423
D:/Devi/Singularis Software Technologies/numberplate_detection/annot\video11_2730.xml,174,541,298,412
D:/Devi/Singularis Software Technologies/numberplate_detection/annot\video11_2740.xml,169,574,216,346
D:/Devi/Singularis Software Technologies/numberplate_detection/annot\video11_2750.xml,255,691,256,406
D:/Devi/Singularis Software Technologies/numberplate_detection/annot\video11_2760.xml,226,693,213,387
D:/Devi/Singularis Software Technologies/numberplate_detection/annot\video11_2770.xml,438,926,360,540
D:/Devi/Singularis Software Technologies/numberplate_detection/annot\video11_2780.xml,675,1186,456,641
D:/Devi/Singularis Software Technologies/numberplate_detection/annot\video11_2790.xml,331,853,204,398
D:/Devi/Singularis Software Technologies/numberplate_detection/annot\video11_2800.xml,240,358,189,242
D:/Devi/Singularis Software Technologies/numberplate_detection/annot\video11_2810.xml,132,225,209,237
D:/Devi/Singularis Software Technologies/numberplate_detection/annot\video11_2820.xml,125,227,192,228
D:/Devi/Singularis Software Technologies/numberplate_detection/annot\video11_2830.xml,5,114,205,245
D:/Devi/Singularis Software Technologies/numberplate_detection/annot\video11_3250.xml,143,294,179,224
D:/Devi/Singularis Software Technologies/numberplate_detection/annot\video11_3260.xml,178,335,217,266
D:/Devi/Singularis Software Technologies/numberplate_detection/annot\video11_3280.xml,136,247,271,303
D:/Devi/Singularis Software Technologies/numberplate_detection/annot\video11_3290.xml,147,271,232,270
D:/Devi/Singularis Software Technologies/numberplate_detection/annot\video11_3300.xml,140,281,199,241
D:/Devi/Singularis Software Technologies/numberplate_detection/annot\video11_3310.xml,183,344,212,264
D:/Devi/Singularis Software Technologies/numberplate_detection/annot\video11_3320.xml,198,452,223,308
D:/Devi/Singularis Software Technologies/numberplate_detection/annot\video11_3330.xml,179,456,273,367
D:/Devi/Singularis Software Technologies/numberplate_detection/annot\video11_3340.xml,190,493,340,444
D:/Devi/Singularis Software Technologies/numberplate_detection/annot\video11_3350.xml,425,759,397,520
D:/Devi/Singularis Software Technologies/numberplate_detection/annot\video11_3630.xml,139,257,308,351
D:/Devi/Singularis Software Technologies/numberplate_detection/annot\video11_3640.xml,245,389,250,308
D:/Devi/Singularis Software Technologies/numberplate_detection/annot\video11_3660.xml,87,197,157,198
D:/Devi/Singularis Software Technologies/numberplate_detection/annot\video11_3680.xml,148,272,185,215
D:/Devi/Singularis Software Technologies/numberplate_detection/annot\video11_3690.xml,172,315,231,268
D:/Devi/Singularis Software Technologies/numberplate_detection/annot\video11_3700.xml,111,232,90,138
D:/Devi/Singularis Software Technologies/numberplate_detection/annot\video11_3710.xml,88,300,354,432
D:/Devi/Singularis Software Technologies/numberplate_detection/annot\video11_3720.xml,250,357,123,156
D:/Devi/Singularis Software Technologies/numberplate_detection/annot\video11_3730.xml,508,628,234,277
D:/Devi/Singularis Software Technologies/numberplate_detection/annot\video11_3750.xml,98,218,233,279
D:/Devi/Singularis Software Technologies/numberplate_detection/annot\video11_3830.xml,140,292,233,283
D:/Devi/Singularis Software Technologies/numberplate_detection/annot\video11_3840.xml,241,431,269,332
D:/Devi/Singularis Software Technologies/numberplate_detection/annot\video11_3870.xml,175,285,136,171
D:/Devi/Singularis Software Technologies/numberplate_detection/annot\video11_3880.xml,255,379,194,246
D:/Devi/Singularis Software Technologies/numberplate_detection/annot\video11_3910.xml,462,648,147,198
D:/Devi/Singularis Software Technologies/numberplate_detection/annot\video11_3920.xml,205,330,94,126
D:/Devi/Singularis Software Technologies/numberplate_detection/annot\video11_3930.xml,220,358,191,236
D:/Devi/Singularis Software Technologies/numberplate_detection/annot\video11_3940.xml,314,630,436,554
D:/Devi/Singularis Software Technologies/numberplate_detection/annot\video11_4010.xml,271,377,280,315
D:/Devi/Singularis Software Technologies/numberplate_detection/annot\video11_4020.xml,151,275,276,320
D:/Devi/Singularis Software Technologies/numberplate_detection/annot\video11_4030.xml,122,272,265,325
D:/Devi/Singularis Software Technologies/numberplate_detection/annot\video11_4060.xml,184,281,278,307
D:/Devi/Singularis Software Technologies/numberplate_detection/annot\video11_4070.xml,236,363,289,326
D:/Devi/Singularis Software Technologies/numberplate_detection/annot\video11_4080.xml,49,236,326,374
D:/Devi/Singularis Software Technologies/numberplate_detection/annot\video11_4090.xml,69,168,299,323
D:/Devi/Singularis Software Technologies/numberplate_detection/annot\video11_410.xml,262,545,353,436
D:/Devi/Singularis Software Technologies/numberplate_detection/annot\video11_4100.xml,108,230,318,351
D:/Devi/Singularis Software Technologies/numberplate_detection/annot\video11_420.xml,86,432,363,459
D:/Devi/Singularis Software Technologies/numberplate_detection/annot\video11_4390.xml,152,251,393,423
D:/Devi/Singularis Software Technologies/numberplate_detection/annot\video11_4410.xml,169,286,293,330
D:/Devi/Singularis Software Technologies/numberplate_detection/annot\video11_4420.xml,183,316,352,392
D:/Devi/Singularis Software Technologies/numberplate_detection/annot\video11_4430.xml,151,295,430,472
D:/Devi/Singularis Software Technologies/numberplate_detection/annot\video11_4440.xml,253,414,497,542
D:/Devi/Singularis Software Technologies/numberplate_detection/annot\video11_4450.xml,196,378,555,610
D:/Devi/Singularis Software Technologies/numberplate_detection/annot\video11_4460.xml,176,388,620,691
D:/Devi/Singularis Software Technologies/numberplate_detection/annot\video11_4470.xml,206,443,698,792
D:/Devi/Singularis Software Technologies/numberplate_detection/annot\video11_4600.xml,300,462,311,372
D:/Devi/Singularis Software Technologies/numberplate_detection/annot\video11_4610.xml,198,376,340,402
D:/Devi/Singularis Software Technologies/numberplate_detection/annot\video11_4620.xml,118,306,404,471
D:/Devi/Singularis Software Technologies/numberplate_detection/annot\video11_4630.xml,275,538,427,487
D:/Devi/Singularis Software Technologies/numberplate_detection/annot\video11_4640.xml,342,617,510,573
D:/Devi/Singularis Software Technologies/numberplate_detection/annot\video11_4650.xml,252,539,519,585
D:/Devi/Singularis Software Technologies/numberplate_detection/annot\video11_4660.xml,268,590,436,511
D:/Devi/Singularis Software Technologies/numberplate_detection/annot\video11_4670.xml,267,614,416,512
D:/Devi/Singularis Software Technologies/numberplate_detection/annot\video11_4710.xml,295,424,281,316
D:/Devi/Singularis Software Technologies/numberplate_detection/annot\video11_4720.xml,159,294,331,366
D:/Devi/Singularis Software Technologies/numberplate_detection/annot\video11_4730.xml,170,314,367,403
D:/Devi/Singularis Software Technologies/numberplate_detection/annot\video11_4740.xml,172,327,464,504
D:/Devi/Singularis Software Technologies/numberplate_detection/annot\video11_4750.xml,216,378,602,646
D:/Devi/Singularis Software Technologies/numberplate_detection/annot\video11_4770.xml,168,360,459,516
D:/Devi/Singularis Software Technologies/numberplate_detection/annot\video11_4780.xml,231,445,543,601
D:/Devi/Singularis Software Technologies/numberplate_detection/annot\video11_4790.xml,321,552,413,484
D:/Devi/Singularis Software Technologies/numberplate_detection/annot\video11_4800.xml,345,600,488,561
D:/Devi/Singularis Software Technologies/numberplate_detection/annot\video11_4810.xml,272,556,655,741
D:/Devi/Singularis Software Technologies/numberplate_detection/annot\video11_4950.xml,140,322,455,519
D:/Devi/Singularis Software Technologies/numberplate_detection/annot\video11_4960.xml,90,305,527,605
D:/Devi/Singularis Software Technologies/numberplate_detection/annot\video11_540.xml,455,1063,663,843
D:/Devi/Singularis Software Technologies/numberplate_detection/annot\video11_550.xml,621,1338,370,574
D:/Devi/Singularis Software Technologies/numberplate_detection/annot\video11_750.xml,204,1089,284,512
D:/Devi/Singularis Software Technologies/numberplate_detection/annot\video11_760.xml,350,1239,388,608
D:/Devi/Singularis Software Technologies/numberplate_detection/annot\video11_770.xml,327,1208,495,727
D:/Devi/Singularis Software Technologies/numberplate_detection/annot\video11_780.xml,265,1148,578,810
D:/Devi/Singularis Software Technologies/numberplate_detection/annot\video11_790.xml,125,1005,494,722
D:/Devi/Singularis Software Technologies/numberplate_detection/annot\video11_800.xml,48,931,401,637
D:/Devi/Singularis Software Technologies/numberplate_detection/annot\video11_810.xml,453,1023,378,528
D:/Devi/Singularis Software Technologies/numberplate_detection/annot\video11_860.xml,623,1187,628,768
D:/Devi/Singularis Software Technologies/numberplate_detection/annot\video11_980.xml,239,613,583,689
D:/Devi/Singularis Software Technologies/numberplate_detection/annot\video11_990.xml,246,625,574,677
D:/Devi/Singularis Software Technologies/numberplate_detection/annot\video12_100.xml,213,503,74,170
D:/Devi/Singularis Software Technologies/numberplate_detection/annot\video12_110.xml,121,427,99,209
D:/Devi/Singularis Software Technologies/numberplate_detection/annot\video12_140.xml,112,644,555,697
D:/Devi/Singularis Software Technologies/numberplate_detection/annot\video12_150.xml,16,653,652,837
D:/Devi/Singularis Software Technologies/numberplate_detection/annot\video12_60.xml,192,429,718,785
D:/Devi/Singularis Software Technologies/numberplate_detection/annot\video12_70.xml,141,383,678,742
D:/Devi/Singularis Software Technologies/numberplate_detection/annot\video12_80.xml,49,306,624,699
D:/Devi/Singularis Software Technologies/numberplate_detection/annot\video12_90.xml,48,321,534,614
D:/Devi/Singularis Software Technologies/numberplate_detection/annot\video2_0.xml,99,196,209,237
D:/Devi/Singularis Software Technologies/numberplate_detection/annot\video2_1360.xml,320,633,393,466
D:/Devi/Singularis Software Technologies/numberplate_detection/annot\video2_1430.xml,151,295,189,263
D:/Devi/Singularis Software Technologies/numberplate_detection/annot\video2_1480.xml,135,761,297,452
D:/Devi/Singularis Software Technologies/numberplate_detection/annot\video2_1490.xml,419,964,229,363
D:/Devi/Singularis Software Technologies/numberplate_detection/annot\video2_1510.xml,283,711,316,424
D:/Devi/Singularis Software Technologies/numberplate_detection/annot\video2_1590.xml,276,609,285,364
D:/Devi/Singularis Software Technologies/numberplate_detection/annot\video2_1750.xml,346,784,501,625
D:/Devi/Singularis Software Technologies/numberplate_detection/annot\video2_180.xml,331,568,516,611
D:/Devi/Singularis Software Technologies/numberplate_detection/annot\video2_1820.xml,229,805,474,649
D:/Devi/Singularis Software Technologies/numberplate_detection/annot\video2_1830.xml,348,820,656,773
D:/Devi/Singularis Software Technologies/numberplate_detection/annot\video2_2150.xml,287,687,427,541
D:/Devi/Singularis Software Technologies/numberplate_detection/annot\video2_220.xml,206,379,221,275
D:/Devi/Singularis Software Technologies/numberplate_detection/annot\video2_2210.xml,353,860,236,405
D:/Devi/Singularis Software Technologies/numberplate_detection/annot\video2_2220.xml,359,881,346,521
D:/Devi/Singularis Software Technologies/numberplate_detection/annot\video2_2230.xml,207,747,519,695
D:/Devi/Singularis Software Technologies/numberplate_detection/annot\video2_230.xml,239,417,231,293
D:/Devi/Singularis Software Technologies/numberplate_detection/annot\video2_240.xml,278,455,224,287
D:/Devi/Singularis Software Technologies/numberplate_detection/annot\video2_2550.xml,153,262,169,201
D:/Devi/Singularis Software Technologies/numberplate_detection/annot\video2_280.xml,423,906,924,1057
D:/Devi/Singularis Software Technologies/numberplate_detection/annot\video2_2870.xml,157,356,359,434
D:/Devi/Singularis Software Technologies/numberplate_detection/annot\video2_290.xml,381,782,661,783
D:/Devi/Singularis Software Technologies/numberplate_detection/annot\video2_300.xml,265,615,539,645
D:/Devi/Singularis Software Technologies/numberplate_detection/annot\video2_3030.xml,225,460,335,414
D:/Devi/Singularis Software Technologies/numberplate_detection/annot\video2_310.xml,230,405,200,263
D:/Devi/Singularis Software Technologies/numberplate_detection/annot\video2_3260.xml,157,312,328,372
D:/Devi/Singularis Software Technologies/numberplate_detection/annot\video2_3370.xml,579,816,360,430
D:/Devi/Singularis Software Technologies/numberplate_detection/annot\video2_3440.xml,346,1002,606,838
D:/Devi/Singularis Software Technologies/numberplate_detection/annot\video2_3560.xml,138,578,85,224
D:/Devi/Singularis Software Technologies/numberplate_detection/annot\video2_3570.xml,336,789,179,322
D:/Devi/Singularis Software Technologies/numberplate_detection/annot\video2_3600.xml,370,778,250,370
D:/Devi/Singularis Software Technologies/numberplate_detection/annot\video2_3730.xml,328,683,480,585
D:/Devi/Singularis Software Technologies/numberplate_detection/annot\video2_3740.xml,309,649,606,703
D:/Devi/Singularis Software Technologies/numberplate_detection/annot\video2_3750.xml,307,648,651,761
D:/Devi/Singularis Software Technologies/numberplate_detection/annot\video2_380.xml,588,1109,609,819
D:/Devi/Singularis Software Technologies/numberplate_detection/annot\video2_390.xml,332,855,563,778
D:/Devi/Singularis Software Technologies/numberplate_detection/annot\video2_3990.xml,57,451,517,642
D:/Devi/Singularis Software Technologies/numberplate_detection/annot\video2_400.xml,728,1234,559,761
D:/Devi/Singularis Software Technologies/numberplate_detection/annot\video2_4010.xml,147,618,648,798
D:/Devi/Singularis Software Technologies/numberplate_detection/annot\video2_4080.xml,9,534,901,1080
D:/Devi/Singularis Software Technologies/numberplate_detection/annot\video2_410.xml,362,856,561,754
D:/Devi/Singularis Software Technologies/numberplate_detection/annot\video2_4140.xml,192,719,447,616
D:/Devi/Singularis Software Technologies/numberplate_detection/annot\video2_4150.xml,261,785,482,643
D:/Devi/Singularis Software Technologies/numberplate_detection/annot\video2_4190.xml,525,986,550,678
D:/Devi/Singularis Software Technologies/numberplate_detection/annot\video2_420.xml,383,872,622,802
D:/Devi/Singularis Software Technologies/numberplate_detection/annot\video2_4230.xml,434,904,655,793
D:/Devi/Singularis Software Technologies/numberplate_detection/annot\video2_4280.xml,214,618,257,437
D:/Devi/Singularis Software Technologies/numberplate_detection/annot\video2_4290.xml,229,623,296,497
D:/Devi/Singularis Software Technologies/numberplate_detection/annot\video2_430.xml,646,1129,667,832
D:/Devi/Singularis Software Technologies/numberplate_detection/annot\video2_4340.xml,162,284,226,262
D:/Devi/Singularis Software Technologies/numberplate_detection/annot\video2_4370.xml,185,319,254,292
D:/Devi/Singularis Software Technologies/numberplate_detection/annot\video2_440.xml,642,1110,668,833
D:/Devi/Singularis Software Technologies/numberplate_detection/annot\video2_4400.xml,211,401,338,391
D:/Devi/Singularis Software Technologies/numberplate_detection/annot\video2_4410.xml,270,466,426,486
D:/Devi/Singularis Software Technologies/numberplate_detection/annot\video2_450.xml,669,1127,700,856
D:/Devi/Singularis Software Technologies/numberplate_detection/annot\video2_4510.xml,711,1360,475,661
D:/Devi/Singularis Software Technologies/numberplate_detection/annot\video2_4520.xml,829,1580,395,627
D:/Devi/Singularis Software Technologies/numberplate_detection/annot\video2_460.xml,519,968,951,1080
D:/Devi/Singularis Software Technologies/numberplate_detection/annot\video2_470.xml,409,866,709,873
D:/Devi/Singularis Software Technologies/numberplate_detection/annot\video2_4760.xml,307,540,474,560
D:/Devi/Singularis Software Technologies/numberplate_detection/annot\video2_4770.xml,267,486,605,688
D:/Devi/Singularis Software Technologies/numberplate_detection/annot\video2_4780.xml,260,467,418,500
D:/Devi/Singularis Software Technologies/numberplate_detection/annot\video2_480.xml,314,800,479,670
D:/Devi/Singularis Software Technologies/numberplate_detection/annot\video2_4870.xml,234,418,385,454
D:/Devi/Singularis Software Technologies/numberplate_detection/annot\video2_4980.xml,185,341,286,336
D:/Devi/Singularis Software Technologies/numberplate_detection/annot\video2_5240.xml,337,605,503,605
D:/Devi/Singularis Software Technologies/numberplate_detection/annot\video2_5250.xml,403,664,500,602
D:/Devi/Singularis Software Technologies/numberplate_detection/annot\video2_5260.xml,365,619,425,530
D:/Devi/Singularis Software Technologies/numberplate_detection/annot\video2_5270.xml,347,610,197,290
D:/Devi/Singularis Software Technologies/numberplate_detection/annot\video2_5280.xml,363,625,91,169
D:/Devi/Singularis Software Technologies/numberplate_detection/annot\video2_5290.xml,175,422,293,365
D:/Devi/Singularis Software Technologies/numberplate_detection/annot\video2_5300.xml,206,449,413,488
D:/Devi/Singularis Software Technologies/numberplate_detection/annot\video2_610.xml,291,577,293,375
D:/Devi/Singularis Software Technologies/numberplate_detection/annot\video2_620.xml,281,585,401,480
D:/Devi/Singularis Software Technologies/numberplate_detection/annot\video2_650.xml,361,786,432,568
D:/Devi/Singularis Software Technologies/numberplate_detection/annot\video2_820.xml,105,269,283,332
D:/Devi/Singularis Software Technologies/numberplate_detection/annot\video3_1050.xml,72,191,299,335
D:/Devi/Singularis Software Technologies/numberplate_detection/annot\video3_1070.xml,131,216,483,509
D:/Devi/Singularis Software Technologies/numberplate_detection/annot\video3_1080.xml,133,236,521,558
D:/Devi/Singularis Software Technologies/numberplate_detection/annot\video3_1090.xml,127,251,569,620
D:/Devi/Singularis Software Technologies/numberplate_detection/annot\video3_1100.xml,64,190,595,695
D:/Devi/Singularis Software Technologies/numberplate_detection/annot\video3_1120.xml,99,184,512,543
D:/Devi/Singularis Software Technologies/numberplate_detection/annot\video3_1130.xml,90,179,500,538
D:/Devi/Singularis Software Technologies/numberplate_detection/annot\video3_1140.xml,97,189,477,513
D:/Devi/Singularis Software Technologies/numberplate_detection/annot\video3_1150.xml,81,175,449,489
D:/Devi/Singularis Software Technologies/numberplate_detection/annot\video3_1180.xml,116,217,492,526
D:/Devi/Singularis Software Technologies/numberplate_detection/annot\video3_1190.xml,138,252,478,516
D:/Devi/Singularis Software Technologies/numberplate_detection/annot\video3_1200.xml,162,290,474,515
D:/Devi/Singularis Software Technologies/numberplate_detection/annot\video3_1210.xml,170,314,473,525
D:/Devi/Singularis Software Technologies/numberplate_detection/annot\video3_1220.xml,170,331,475,547
D:/Devi/Singularis Software Technologies/numberplate_detection/annot\video3_1350.xml,52,122,443,464
D:/Devi/Singularis Software Technologies/numberplate_detection/annot\video3_1360.xml,101,163,153,171
D:/Devi/Singularis Software Technologies/numberplate_detection/annot\video3_1370.xml,63,122,437,455
D:/Devi/Singularis Software Technologies/numberplate_detection/annot\video3_1440.xml,192,436,465,532
D:/Devi/Singularis Software Technologies/numberplate_detection/annot\video3_1450.xml,193,416,438,495
D:/Devi/Singularis Software Technologies/numberplate_detection/annot\video3_1460.xml,179,387,410,471
D:/Devi/Singularis Software Technologies/numberplate_detection/annot\video3_1500.xml,93,248,339,385
D:/Devi/Singularis Software Technologies/numberplate_detection/annot\video3_1510.xml,104,249,368,409
D:/Devi/Singularis Software Technologies/numberplate_detection/annot\video3_1650.xml,157,340,487,562
D:/Devi/Singularis Software Technologies/numberplate_detection/annot\video3_1660.xml,208,381,463,530
D:/Devi/Singularis Software Technologies/numberplate_detection/annot\video3_1670.xml,185,345,469,531
D:/Devi/Singularis Software Technologies/numberplate_detection/annot\video3_1680.xml,181,335,459,517
D:/Devi/Singularis Software Technologies/numberplate_detection/annot\video3_1700.xml,204,337,260,302
D:/Devi/Singularis Software Technologies/numberplate_detection/annot\video3_1710.xml,197,320,206,243
D:/Devi/Singularis Software Technologies/numberplate_detection/annot\video3_1730.xml,130,243,393,425
D:/Devi/Singularis Software Technologies/numberplate_detection/annot\video3_1750.xml,152,616,517,682
D:/Devi/Singularis Software Technologies/numberplate_detection/annot\video3_1760.xml,328,728,482,623
D:/Devi/Singularis Software Technologies/numberplate_detection/annot\video3_1770.xml,301,651,470,589
D:/Devi/Singularis Software Technologies/numberplate_detection/annot\video3_1780.xml,315,629,457,569
D:/Devi/Singularis Software Technologies/numberplate_detection/annot\video3_1790.xml,222,432,465,547
D:/Devi/Singularis Software Technologies/numberplate_detection/annot\video3_1800.xml,188,353,459,526
D:/Devi/Singularis Software Technologies/numberplate_detection/annot\video3_1810.xml,167,332,447,509
D:/Devi/Singularis Software Technologies/numberplate_detection/annot\video3_1820.xml,204,360,435,495
D:/Devi/Singularis Software Technologies/numberplate_detection/annot\video3_1840.xml,165,305,594,643
D:/Devi/Singularis Software Technologies/numberplate_detection/annot\video3_1850.xml,124,254,542,581
D:/Devi/Singularis Software Technologies/numberplate_detection/annot\video3_1860.xml,128,247,510,549
D:/Devi/Singularis Software Technologies/numberplate_detection/annot\video3_1870.xml,133,244,491,520
D:/Devi/Singularis Software Technologies/numberplate_detection/annot\video3_1880.xml,119,219,475,501
D:/Devi/Singularis Software Technologies/numberplate_detection/annot\video3_1890.xml,116,207,461,485
D:/Devi/Singularis Software Technologies/numberplate_detection/annot\video3_1900.xml,122,206,434,456
D:/Devi/Singularis Software Technologies/numberplate_detection/annot\video3_1910.xml,159,236,415,433
D:/Devi/Singularis Software Technologies/numberplate_detection/annot\video3_1920.xml,138,290,426,474
D:/Devi/Singularis Software Technologies/numberplate_detection/annot\video3_1930.xml,120,254,406,447
D:/Devi/Singularis Software Technologies/numberplate_detection/annot\video3_1950.xml,270,456,394,444
D:/Devi/Singularis Software Technologies/numberplate_detection/annot\video3_1960.xml,189,338,376,414
D:/Devi/Singularis Software Technologies/numberplate_detection/annot\video3_1970.xml,185,317,357,391
D:/Devi/Singularis Software Technologies/numberplate_detection/annot\video3_1980.xml,316,434,173,203
D:/Devi/Singularis Software Technologies/numberplate_detection/annot\video3_1990.xml,178,288,353,380
D:/Devi/Singularis Software Technologies/numberplate_detection/annot\video3_2000.xml,111,213,347,374
D:/Devi/Singularis Software Technologies/numberplate_detection/annot\video3_2170.xml,208,347,531,575
D:/Devi/Singularis Software Technologies/numberplate_detection/annot\video3_2180.xml,177,317,525,573
D:/Devi/Singularis Software Technologies/numberplate_detection/annot\video3_2190.xml,169,313,523,569
D:/Devi/Singularis Software Technologies/numberplate_detection/annot\video3_2200.xml,341,483,307,352
D:/Devi/Singularis Software Technologies/numberplate_detection/annot\video3_2210.xml,209,353,516,563
D:/Devi/Singularis Software Technologies/numberplate_detection/annot\video3_2220.xml,149,289,329,375
D:/Devi/Singularis Software Technologies/numberplate_detection/annot\video3_2230.xml,183,326,423,469
D:/Devi/Singularis Software Technologies/numberplate_detection/annot\video3_2240.xml,247,390,336,382
D:/Devi/Singularis Software Technologies/numberplate_detection/annot\video3_2250.xml,128,271,499,546
D:/Devi/Singularis Software Technologies/numberplate_detection/annot\video3_310.xml,115,244,427,467
D:/Devi/Singularis Software Technologies/numberplate_detection/annot\video3_40.xml,161,575,545,671
D:/Devi/Singularis Software Technologies/numberplate_detection/annot\video3_440.xml,16,167,425,479
D:/Devi/Singularis Software Technologies/numberplate_detection/annot\video3_450.xml,138,263,315,345
D:/Devi/Singularis Software Technologies/numberplate_detection/annot\video3_470.xml,171,330,487,536
D:/Devi/Singularis Software Technologies/numberplate_detection/annot\video3_540.xml,91,659,192,455
D:/Devi/Singularis Software Technologies/numberplate_detection/annot\video3_550.xml,21,598,145,408
D:/Devi/Singularis Software Technologies/numberplate_detection/annot\video3_560.xml,137,320,426,527
D:/Devi/Singularis Software Technologies/numberplate_detection/annot\video3_570.xml,126,306,426,525
D:/Devi/Singularis Software Technologies/numberplate_detection/annot\video3_580.xml,113,292,430,530
D:/Devi/Singularis Software Technologies/numberplate_detection/annot\video3_590.xml,141,317,440,539
D:/Devi/Singularis Software Technologies/numberplate_detection/annot\video3_600.xml,89,262,444,548
D:/Devi/Singularis Software Technologies/numberplate_detection/annot\video3_610.xml,100,272,464,564
D:/Devi/Singularis Software Technologies/numberplate_detection/annot\video3_620.xml,68,243,477,574
D:/Devi/Singularis Software Technologies/numberplate_detection/annot\video3_630.xml,59,230,487,587
D:/Devi/Singularis Software Technologies/numberplate_detection/annot\video3_640.xml,82,248,496,602
D:/Devi/Singularis Software Technologies/numberplate_detection/annot\video3_650.xml,138,274,496,615
D:/Devi/Singularis Software Technologies/numberplate_detection/annot\video3_660.xml,502,685,352,477
D:/Devi/Singularis Software Technologies/numberplate_detection/annot\video4_1100.xml,114,213,217,245
D:/Devi/Singularis Software Technologies/numberplate_detection/annot\video4_2020.xml,1,213,439,480
D:/Devi/Singularis Software Technologies/numberplate_detection/annot\video4_2030.xml,104,317,464,510
D:/Devi/Singularis Software Technologies/numberplate_detection/annot\video4_2120.xml,341,491,463,541
D:/Devi/Singularis Software Technologies/numberplate_detection/annot\video4_2130.xml,426,593,459,551
D:/Devi/Singularis Software Technologies/numberplate_detection/annot\video4_2140.xml,401,587,471,560
D:/Devi/Singularis Software Technologies/numberplate_detection/annot\video4_2150.xml,340,538,469,569
D:/Devi/Singularis Software Technologies/numberplate_detection/annot\video4_2160.xml,262,476,476,576
D:/Devi/Singularis Software Technologies/numberplate_detection/annot\video4_2170.xml,170,405,473,582
D:/Devi/Singularis Software Technologies/numberplate_detection/annot\video4_2180.xml,30,298,468,594
D:/Devi/Singularis Software Technologies/numberplate_detection/annot\video4_2210.xml,115,188,521,552
D:/Devi/Singularis Software Technologies/numberplate_detection/annot\video4_2230.xml,157,227,348,380
D:/Devi/Singularis Software Technologies/numberplate_detection/annot\video4_2240.xml,214,356,438,503
D:/Devi/Singularis Software Technologies/numberplate_detection/annot\video4_2250.xml,372,671,310,435
D:/Devi/Singularis Software Technologies/numberplate_detection/annot\video4_2260.xml,188,482,322,454
D:/Devi/Singularis Software Technologies/numberplate_detection/annot\video4_2290.xml,388,712,354,504
D:/Devi/Singularis Software Technologies/numberplate_detection/annot\video4_2300.xml,734,1073,369,534
D:/Devi/Singularis Software Technologies/numberplate_detection/annot\video4_2310.xml,698,1061,369,565
D:/Devi/Singularis Software Technologies/numberplate_detection/annot\video4_2340.xml,1,350,408,663
D:/Devi/Singularis Software Technologies/numberplate_detection/annot\video4_2370.xml,552,900,276,406
D:/Devi/Singularis Software Technologies/numberplate_detection/annot\video4_2380.xml,176,531,242,373
D:/Devi/Singularis Software Technologies/numberplate_detection/annot\video4_2390.xml,143,484,236,375
D:/Devi/Singularis Software Technologies/numberplate_detection/annot\video4_2410.xml,144,502,274,425
D:/Devi/Singularis Software Technologies/numberplate_detection/annot\video4_2420.xml,91,448,289,438
D:/Devi/Singularis Software Technologies/numberplate_detection/annot\video4_2430.xml,74,438,345,500
D:/Devi/Singularis Software Technologies/numberplate_detection/annot\video4_2440.xml,34,398,406,570
D:/Devi/Singularis Software Technologies/numberplate_detection/annot\video4_2490.xml,188,572,313,467
D:/Devi/Singularis Software Technologies/numberplate_detection/annot\video4_2500.xml,195,589,287,455
D:/Devi/Singularis Software Technologies/numberplate_detection/annot\video4_2580.xml,277,502,262,378
D:/Devi/Singularis Software Technologies/numberplate_detection/annot\video4_2590.xml,394,633,242,384
D:/Devi/Singularis Software Technologies/numberplate_detection/annot\video4_2600.xml,368,613,195,339
D:/Devi/Singularis Software Technologies/numberplate_detection/annot\video4_2610.xml,230,479,173,338
D:/Devi/Singularis Software Technologies/numberplate_detection/annot\video4_2620.xml,113,362,215,392
D:/Devi/Singularis Software Technologies/numberplate_detection/annot\video4_2630.xml,13,266,217,404
D:/Devi/Singularis Software Technologies/numberplate_detection/annot\video4_2640.xml,201,428,399,467
D:/Devi/Singularis Software Technologies/numberplate_detection/annot\video4_2650.xml,310,547,564,640
D:/Devi/Singularis Software Technologies/numberplate_detection/annot\video4_2660.xml,194,428,593,673
D:/Devi/Singularis Software Technologies/numberplate_detection/annot\video4_2720.xml,244,497,617,713
D:/Devi/Singularis Software Technologies/numberplate_detection/annot\video4_2730.xml,239,491,650,744
D:/Devi/Singularis Software Technologies/numberplate_detection/annot\video4_2780.xml,87,348,378,483
D:/Devi/Singularis Software Technologies/numberplate_detection/annot\video4_2790.xml,114,375,400,499
D:/Devi/Singularis Software Technologies/numberplate_detection/annot\video4_2800.xml,147,405,417,519
D:/Devi/Singularis Software Technologies/numberplate_detection/annot\video4_2810.xml,188,445,428,527
D:/Devi/Singularis Software Technologies/numberplate_detection/annot\video4_2820.xml,238,495,436,536
D:/Devi/Singularis Software Technologies/numberplate_detection/annot\video4_2830.xml,275,533,482,581
D:/Devi/Singularis Software Technologies/numberplate_detection/annot\video4_2840.xml,141,398,582,678
D:/Devi/Singularis Software Technologies/numberplate_detection/annot\video4_2970.xml,515,683,301,497
D:/Devi/Singularis Software Technologies/numberplate_detection/annot\video4_3090.xml,333,668,504,609
D:/Devi/Singularis Software Technologies/numberplate_detection/annot\video4_3100.xml,281,636,558,669
D:/Devi/Singularis Software Technologies/numberplate_detection/annot\video4_3130.xml,292,737,632,782
D:/Devi/Singularis Software Technologies/numberplate_detection/annot\video4_3190.xml,186,420,469,566
D:/Devi/Singularis Software Technologies/numberplate_detection/annot\video4_3200.xml,31,278,412,528
D:/Devi/Singularis Software Technologies/numberplate_detection/annot\video4_3280.xml,300,608,218,337
D:/Devi/Singularis Software Technologies/numberplate_detection/annot\video4_3290.xml,291,626,362,488
D:/Devi/Singularis Software Technologies/numberplate_detection/annot\video4_330.xml,358,777,81,220
D:/Devi/Singularis Software Technologies/numberplate_detection/annot\video4_3310.xml,346,738,149,315
D:/Devi/Singularis Software Technologies/numberplate_detection/annot\video4_3320.xml,158,586,168,353
D:/Devi/Singularis Software Technologies/numberplate_detection/annot\video4_3330.xml,60,527,270,478
D:/Devi/Singularis Software Technologies/numberplate_detection/annot\video4_340.xml,470,1009,458,620
D:/Devi/Singularis Software Technologies/numberplate_detection/annot\video4_3500.xml,165,278,534,564
D:/Devi/Singularis Software Technologies/numberplate_detection/annot\video4_3510.xml,130,256,534,579
D:/Devi/Singularis Software Technologies/numberplate_detection/annot\video4_3520.xml,141,279,516,575
D:/Devi/Singularis Software Technologies/numberplate_detection/annot\video4_3720.xml,80,763,417,729
D:/Devi/Singularis Software Technologies/numberplate_detection/annot\video4_3760.xml,216,415,304,356
D:/Devi/Singularis Software Technologies/numberplate_detection/annot\video4_3770.xml,232,425,336,386
D:/Devi/Singularis Software Technologies/numberplate_detection/annot\video4_3780.xml,233,417,369,426
D:/Devi/Singularis Software Technologies/numberplate_detection/annot\video4_3790.xml,250,428,376,433
D:/Devi/Singularis Software Technologies/numberplate_detection/annot\video4_3800.xml,188,356,390,441
D:/Devi/Singularis Software Technologies/numberplate_detection/annot\video4_3810.xml,148,309,392,441
D:/Devi/Singularis Software Technologies/numberplate_detection/annot\video4_3820.xml,152,305,391,446
D:/Devi/Singularis Software Technologies/numberplate_detection/annot\video4_3830.xml,243,388,397,442
D:/Devi/Singularis Software Technologies/numberplate_detection/annot\video4_3840.xml,111,254,388,425
D:/Devi/Singularis Software Technologies/numberplate_detection/annot\video4_3850.xml,180,318,397,443
D:/Devi/Singularis Software Technologies/numberplate_detection/annot\video4_3860.xml,237,372,252,295
D:/Devi/Singularis Software Technologies/numberplate_detection/annot\video4_50.xml,811,1479,491,713
D:/Devi/Singularis Software Technologies/numberplate_detection/annot\video5_0.xml,109,312,543,603
D:/Devi/Singularis Software Technologies/numberplate_detection/annot\video5_10.xml,77,314,600,678
D:/Devi/Singularis Software Technologies/numberplate_detection/annot\video5_100.xml,111,465,407,505
D:/Devi/Singularis Software Technologies/numberplate_detection/annot\video5_110.xml,111,483,389,491
D:/Devi/Singularis Software Technologies/numberplate_detection/annot\video5_120.xml,79,465,438,545
D:/Devi/Singularis Software Technologies/numberplate_detection/annot\video5_130.xml,65,459,416,521
D:/Devi/Singularis Software Technologies/numberplate_detection/annot\video5_140.xml,84,472,383,488
D:/Devi/Singularis Software Technologies/numberplate_detection/annot\video5_150.xml,110,496,437,537
D:/Devi/Singularis Software Technologies/numberplate_detection/annot\video5_160.xml,166,554,437,538
D:/Devi/Singularis Software Technologies/numberplate_detection/annot\video5_170.xml,210,591,441,542
D:/Devi/Singularis Software Technologies/numberplate_detection/annot\video5_180.xml,111,497,493,595
D:/Devi/Singularis Software Technologies/numberplate_detection/annot\video5_1820.xml,340,756,90,209
D:/Devi/Singularis Software Technologies/numberplate_detection/annot\video5_1830.xml,435,840,140,261
D:/Devi/Singularis Software Technologies/numberplate_detection/annot\video5_1840.xml,486,876,172,283
D:/Devi/Singularis Software Technologies/numberplate_detection/annot\video5_190.xml,101,487,474,575
D:/Devi/Singularis Software Technologies/numberplate_detection/annot\video5_340.xml,266,926,610,806
D:/Devi/Singularis Software Technologies/numberplate_detection/annot\video5_350.xml,246,898,599,798
D:/Devi/Singularis Software Technologies/numberplate_detection/annot\video5_360.xml,159,807,597,797
D:/Devi/Singularis Software Technologies/numberplate_detection/annot\video5_370.xml,115,766,581,785
D:/Devi/Singularis Software Technologies/numberplate_detection/annot\video5_380.xml,44,697,578,778
D:/Devi/Singularis Software Technologies/numberplate_detection/annot\video5_390.xml,105,760,571,770
D:/Devi/Singularis Software Technologies/numberplate_detection/annot\video5_400.xml,109,754,567,764
D:/Devi/Singularis Software Technologies/numberplate_detection/annot\video5_430.xml,532,1142,337,545
D:/Devi/Singularis Software Technologies/numberplate_detection/annot\video5_470.xml,902,1133,362,431
D:/Devi/Singularis Software Technologies/numberplate_detection/annot\video5_480.xml,1041,1279,402,472
D:/Devi/Singularis Software Technologies/numberplate_detection/annot\video5_490.xml,580,815,375,446
D:/Devi/Singularis Software Technologies/numberplate_detection/annot\video5_500.xml,508,741,302,369
D:/Devi/Singularis Software Technologies/numberplate_detection/annot\video5_510.xml,439,661,297,356
D:/Devi/Singularis Software Technologies/numberplate_detection/annot\video5_520.xml,403,612,291,349
D:/Devi/Singularis Software Technologies/numberplate_detection/annot\video5_60.xml,174,340,222,258
D:/Devi/Singularis Software Technologies/numberplate_detection/annot\video5_70.xml,94,272,227,270
D:/Devi/Singularis Software Technologies/numberplate_detection/annot\video5_80.xml,53,246,241,289
D:/Devi/Singularis Software Technologies/numberplate_detection/annot\video5_90.xml,83,295,224,280
D:/Devi/Singularis Software Technologies/numberplate_detection/annot\video6_1000.xml,589,1227,265,449
D:/Devi/Singularis Software Technologies/numberplate_detection/annot\video6_1010.xml,497,1150,138,327
D:/Devi/Singularis Software Technologies/numberplate_detection/annot\video6_1020.xml,332,997,10,195
D:/Devi/Singularis Software Technologies/numberplate_detection/annot\video6_1030.xml,102,795,185,381
D:/Devi/Singularis Software Technologies/numberplate_detection/annot\video6_1040.xml,164,847,303,496
D:/Devi/Singularis Software Technologies/numberplate_detection/annot\video6_1050.xml,637,1263,317,520
D:/Devi/Singularis Software Technologies/numberplate_detection/annot\video6_1060.xml,911,1471,308,463
D:/Devi/Singularis Software Technologies/numberplate_detection/annot\video6_1070.xml,1086,1593,335,476
D:/Devi/Singularis Software Technologies/numberplate_detection/annot\video6_1080.xml,1151,1611,365,479
D:/Devi/Singularis Software Technologies/numberplate_detection/annot\video6_1090.xml,1089,1520,120,228
D:/Devi/Singularis Software Technologies/numberplate_detection/annot\video6_1100.xml,964,1363,3,97
D:/Devi/Singularis Software Technologies/numberplate_detection/annot\video6_1110.xml,868,1257,21,128
D:/Devi/Singularis Software Technologies/numberplate_detection/annot\video6_1120.xml,819,1191,231,341
D:/Devi/Singularis Software Technologies/numberplate_detection/annot\video6_1130.xml,846,1205,331,429
D:/Devi/Singularis Software Technologies/numberplate_detection/annot\video6_1140.xml,935,1269,372,463
D:/Devi/Singularis Software Technologies/numberplate_detection/annot\video6_1150.xml,1065,1373,402,495
D:/Devi/Singularis Software Technologies/numberplate_detection/annot\video6_200.xml,183,292,240,266
D:/Devi/Singularis Software Technologies/numberplate_detection/annot\video6_210.xml,145,244,125,151
D:/Devi/Singularis Software Technologies/numberplate_detection/annot\video6_220.xml,101,192,226,250
D:/Devi/Singularis Software Technologies/numberplate_detection/annot\video6_260.xml,136,345,411,459
D:/Devi/Singularis Software Technologies/numberplate_detection/annot\video6_40.xml,123,231,115,146
D:/Devi/Singularis Software Technologies/numberplate_detection/annot\video6_440.xml,394,1063,313,531
D:/Devi/Singularis Software Technologies/numberplate_detection/annot\video6_650.xml,195,373,240,281
D:/Devi/Singularis Software Technologies/numberplate_detection/annot\video6_710.xml,227,459,710,796
D:/Devi/Singularis Software Technologies/numberplate_detection/annot\video6_80.xml,45,142,50,76
D:/Devi/Singularis Software Technologies/numberplate_detection/annot\video6_810.xml,1270,1854,177,303
D:/Devi/Singularis Software Technologies/numberplate_detection/annot\video6_820.xml,952,1597,277,420
D:/Devi/Singularis Software Technologies/numberplate_detection/annot\video6_830.xml,809,1496,332,491
D:/Devi/Singularis Software Technologies/numberplate_detection/annot\video6_840.xml,670,1378,369,536
D:/Devi/Singularis Software Technologies/numberplate_detection/annot\video6_850.xml,582,1292,349,518
D:/Devi/Singularis Software Technologies/numberplate_detection/annot\video6_860.xml,557,1238,278,437
D:/Devi/Singularis Software Technologies/numberplate_detection/annot\video6_870.xml,583,1218,255,406
D:/Devi/Singularis Software Technologies/numberplate_detection/annot\video6_880.xml,688,1283,278,414
D:/Devi/Singularis Software Technologies/numberplate_detection/annot\video6_890.xml,788,1342,267,403
D:/Devi/Singularis Software Technologies/numberplate_detection/annot\video6_900.xml,845,1371,260,396
D:/Devi/Singularis Software Technologies/numberplate_detection/annot\video6_910.xml,854,1373,292,413
D:/Devi/Singularis Software Technologies/numberplate_detection/annot\video6_920.xml,852,1378,285,420
D:/Devi/Singularis Software Technologies/numberplate_detection/annot\video6_930.xml,821,1357,282,417
D:/Devi/Singularis Software Technologies/numberplate_detection/annot\video6_940.xml,784,1329,288,419
D:/Devi/Singularis Software Technologies/numberplate_detection/annot\video6_950.xml,664,1217,313,448
D:/Devi/Singularis Software Technologies/numberplate_detection/annot\video6_960.xml,348,929,294,434
D:/Devi/Singularis Software Technologies/numberplate_detection/annot\video6_970.xml,70,676,321,497
D:/Devi/Singularis Software Technologies/numberplate_detection/annot\video6_990.xml,465,1075,328,490
D:/Devi/Singularis Software Technologies/numberplate_detection/annot\video8_0.xml,83,185,404,449
D:/Devi/Singularis Software Technologies/numberplate_detection/annot\video8_10.xml,96,225,600,663
D:/Devi/Singularis Software Technologies/numberplate_detection/annot\video8_1030.xml,141,271,462,503
D:/Devi/Singularis Software Technologies/numberplate_detection/annot\video8_1040.xml,127,282,486,527
D:/Devi/Singularis Software Technologies/numberplate_detection/annot\video8_1050.xml,693,889,461,525
D:/Devi/Singularis Software Technologies/numberplate_detection/annot\video8_1090.xml,497,628,572,625
D:/Devi/Singularis Software Technologies/numberplate_detection/annot\video8_1110.xml,401,589,414,464
D:/Devi/Singularis Software Technologies/numberplate_detection/annot\video8_1120.xml,158,402,462,513
D:/Devi/Singularis Software Technologies/numberplate_detection/annot\video8_130.xml,70,161,395,424
D:/Devi/Singularis Software Technologies/numberplate_detection/annot\video8_1300.xml,91,221,481,541
D:/Devi/Singularis Software Technologies/numberplate_detection/annot\video8_1310.xml,94,218,419,496
D:/Devi/Singularis Software Technologies/numberplate_detection/annot\video8_1320.xml,68,167,453,538
D:/Devi/Singularis Software Technologies/numberplate_detection/annot\video8_1340.xml,55,160,131,169
D:/Devi/Singularis Software Technologies/numberplate_detection/annot\video8_1350.xml,50,168,115,158
D:/Devi/Singularis Software Technologies/numberplate_detection/annot\video8_1360.xml,30,158,44,92
D:/Devi/Singularis Software Technologies/numberplate_detection/annot\video8_1370.xml,122,265,354,418
D:/Devi/Singularis Software Technologies/numberplate_detection/annot\video8_1380.xml,187,330,404,474
D:/Devi/Singularis Software Technologies/numberplate_detection/annot\video8_1390.xml,91,221,399,487
D:/Devi/Singularis Software Technologies/numberplate_detection/annot\video8_1410.xml,213,316,178,203
D:/Devi/Singularis Software Technologies/numberplate_detection/annot\video8_1420.xml,159,257,173,198
D:/Devi/Singularis Software Technologies/numberplate_detection/annot\video8_1430.xml,222,317,172,197
D:/Devi/Singularis Software Technologies/numberplate_detection/annot\video8_1440.xml,347,624,456,525
D:/Devi/Singularis Software Technologies/numberplate_detection/annot\video8_1450.xml,28,303,507,577
D:/Devi/Singularis Software Technologies/numberplate_detection/annot\video8_1510.xml,1133,1448,238,340
D:/Devi/Singularis Software Technologies/numberplate_detection/annot\video8_1520.xml,964,1277,700,805
D:/Devi/Singularis Software Technologies/numberplate_detection/annot\video8_1540.xml,1025,1312,151,232
D:/Devi/Singularis Software Technologies/numberplate_detection/annot\video8_1550.xml,773,1037,491,570
D:/Devi/Singularis Software Technologies/numberplate_detection/annot\video8_1570.xml,592,821,358,421
D:/Devi/Singularis Software Technologies/numberplate_detection/annot\video8_1580.xml,419,629,719,787
D:/Devi/Singularis Software Technologies/numberplate_detection/annot\video8_1590.xml,381,583,864,923
D:/Devi/Singularis Software Technologies/numberplate_detection/annot\video8_1600.xml,328,518,230,286
D:/Devi/Singularis Software Technologies/numberplate_detection/annot\video8_1610.xml,211,394,335,384
D:/Devi/Singularis Software Technologies/numberplate_detection/annot\video8_1680.xml,416,763,344,481
D:/Devi/Singularis Software Technologies/numberplate_detection/annot\video8_1890.xml,270,389,359,402
D:/Devi/Singularis Software Technologies/numberplate_detection/annot\video8_20.xml,114,283,665,761
D:/Devi/Singularis Software Technologies/numberplate_detection/annot\video8_2090.xml,973,1038,326,348
D:/Devi/Singularis Software Technologies/numberplate_detection/annot\video8_2100.xml,147,231,382,417
D:/Devi/Singularis Software Technologies/numberplate_detection/annot\video8_2260.xml,183,255,476,496
D:/Devi/Singularis Software Technologies/numberplate_detection/annot\video8_2270.xml,182,255,489,512
D:/Devi/Singularis Software Technologies/numberplate_detection/annot\video8_2350.xml,128,205,414,444
D:/Devi/Singularis Software Technologies/numberplate_detection/annot\video8_2360.xml,138,215,401,435
D:/Devi/Singularis Software Technologies/numberplate_detection/annot\video8_2450.xml,156,254,409,442
D:/Devi/Singularis Software Technologies/numberplate_detection/annot\video8_2460.xml,80,184,719,798
D:/Devi/Singularis Software Technologies/numberplate_detection/annot\video8_2470.xml,106,202,268,296
D:/Devi/Singularis Software Technologies/numberplate_detection/annot\video8_2480.xml,113,209,202,228
D:/Devi/Singularis Software Technologies/numberplate_detection/annot\video8_250.xml,178,241,349,366
D:/Devi/Singularis Software Technologies/numberplate_detection/annot\video8_260.xml,308,382,347,368
D:/Devi/Singularis Software Technologies/numberplate_detection/annot\video8_270.xml,137,226,359,387
D:/Devi/Singularis Software Technologies/numberplate_detection/annot\video8_660.xml,130,222,447,480
D:/Devi/Singularis Software Technologies/numberplate_detection/annot\video8_730.xml,162,249,458,486
D:/Devi/Singularis Software Technologies/numberplate_detection/annot\video8_740.xml,98,200,479,512
D:/Devi/Singularis Software Technologies/numberplate_detection/annot\video8_750.xml,122,238,488,530
D:/Devi/Singularis Software Technologies/numberplate_detection/annot\video8_760.xml,167,305,525,584
D:/Devi/Singularis Software Technologies/numberplate_detection/annot\video8_770.xml,30,192,552,633
D:/Devi/Singularis Software Technologies/numberplate_detection/annot\video8_780.xml,151,247,454,495
D:/Devi/Singularis Software Technologies/numberplate_detection/annot\video8_790.xml,335,454,440,496
D:/Devi/Singularis Software Technologies/numberplate_detection/annot\video8_800.xml,134,281,459,535
D:/Devi/Singularis Software Technologies/numberplate_detection/annot\video8_840.xml,158,263,409,445
D:/Devi/Singularis Software Technologies/numberplate_detection/annot\video8_850.xml,123,273,358,401
D:/Devi/Singularis Software Technologies/numberplate_detection/annot\video8_860.xml,126,294,379,433
D:/Devi/Singularis Software Technologies/numberplate_detection/annot\video8_870.xml,141,328,429,487
D:/Devi/Singularis Software Technologies/numberplate_detection/annot\video8_880.xml,160,371,498,577
D:/Devi/Singularis Software Technologies/numberplate_detection/annot\video8_890.xml,168,409,559,672
D:/Devi/Singularis Software Technologies/numberplate_detection/annot\video8_920.xml,69,181,455,498
D:/Devi/Singularis Software Technologies/numberplate_detection/annot\video8_930.xml,102,198,461,494
D:/Devi/Singularis Software Technologies/numberplate_detection/annot\video8_940.xml,105,216,498,538
D:/Devi/Singularis Software Technologies/numberplate_detection/annot\video8_950.xml,104,189,359,381
D:/Devi/Singularis Software Technologies/numberplate_detection/annot\video8_960.xml,107,206,381,409
D:/Devi/Singularis Software Technologies/numberplate_detection/annot\video8_970.xml,114,223,410,455
D:/Devi/Singularis Software Technologies/numberplate_detection/annot\video8_980.xml,208,326,444,497
D:/Devi/Singularis Software Technologies/numberplate_detection/annot\video9_100.xml,353,692,323,401
D:/Devi/Singularis Software Technologies/numberplate_detection/annot\video9_110.xml,705,1021,290,363
D:/Devi/Singularis Software Technologies/numberplate_detection/annot\video9_120.xml,1001,1294,284,358
D:/Devi/Singularis Software Technologies/numberplate_detection/annot\video9_130.xml,1000,1283,274,348
D:/Devi/Singularis Software Technologies/numberplate_detection/annot\video9_140.xml,858,1116,256,320
D:/Devi/Singularis Software Technologies/numberplate_detection/annot\video9_150.xml,340,569,235,307
D:/Devi/Singularis Software Technologies/numberplate_detection/annot\video9_260.xml,1,696,351,523
D:/Devi/Singularis Software Technologies/numberplate_detection/annot\video9_270.xml,354,1009,304,482
D:/Devi/Singularis Software Technologies/numberplate_detection/annot\video9_280.xml,650,1254,250,413
D:/Devi/Singularis Software Technologies/numberplate_detection/annot\video9_290.xml,904,1457,159,313
D:/Devi/Singularis Software Technologies/numberplate_detection/annot\video9_300.xml,46,256,301,381
D:/Devi/Singularis Software Technologies/numberplate_detection/annot\video9_310.xml,69,546,3,98
D:/Devi/Singularis Software Technologies/numberplate_detection/annot\video9_350.xml,757,1064,57,144
D:/Devi/Singularis Software Technologies/numberplate_detection/annot\video9_360.xml,1259,1536,299,372
D:/Devi/Singularis Software Technologies/numberplate_detection/annot\video9_370.xml,1492,1746,640,715
D:/Devi/Singularis Software Technologies/numberplate_detection/annot\video9_390.xml,1313,1538,186,253
D:/Devi/Singularis Software Technologies/numberplate_detection/annot\video9_40.xml,1028,1663,329,487
D:/Devi/Singularis Software Technologies/numberplate_detection/annot\video9_70.xml,1463,1878,147,254
D:/Devi/Singularis Software Technologies/numberplate_detection/annot\video9_80.xml,1227,1607,243,337
D:/Devi/Singularis Software Technologies/numberplate_detection/annot\video9_90.xml,472,831,335,419
D:/Devi/Singularis Software Technologies/numberplate_detection/annot\video_15.xml,376,846,62,234
